codigo,descricao,soma,media,calculo,minimo,maximo,variancia,amplitude,desvio_padrao,frequencia,quantidade_median,quantidade_q1,quantidade_q3,frequencia_relativa
10064,KIT 8428 PR ARANDELA C/SUP.INF.P/1L E27,15,1.6666666666666667,8.0,1,7,4.0,6,2.0,9,1.0,1.0,1.0,0.0026
10065,KIT 8428 BR ARANDELA C/SUP.INF.P/1L E27,2,2.0,,2,2,,0,,1,2.0,2.0,2.0,0.0003
10066,KIT 8428 MR ARANDELA C/SUP.INF.P/1L E27,2,1.0,1.0,1,1,0.0,0,0.0,2,1.0,1.0,1.0,0.0006
10084,81034 BR PLAFON EM ALUMINIO P/2 E27,9,1.8,3.0,1,2,0.2,1,0.4472135954999579,5,2.0,2.0,2.0,0.0015
10085,81034 PR PLAFON EM ALUMINIO P/2 E27,17,1.4166666666666667,3.0,1,2,0.2651515151515152,1,0.5149286505444373,12,1.0,1.0,2.0,0.0035
10086,81034 CO PLAFON EM ALUMINIO P/2 E27,2,1.0,1.0,1,1,0.0,0,0.0,2,1.0,1.0,1.0,0.0006
10113,81040 ARANDELA INJ PRETA 15CM LC/ABERTA,2,2.0,,2,2,,0,,1,2.0,2.0,2.0,0.0003
10115,81040 ARANDELA INJ MARROM 15CM LC/ABERTA,5,5.0,,5,5,,0,,1,5.0,5.0,5.0,0.0003
10116,81041 ARANDELA INJ PRETO 15CM LL/ABERTA,12,12.0,,12,12,,0,,1,12.0,12.0,12.0,0.0003
10117,81041 ARANDELA INJ BRANCA 15CM LL/ABERTA,3,3.0,,3,3,,0,,1,3.0,3.0,3.0,0.0003
10122,81043 ARANDELA INJ PRETO 15CM LL/HORIZO,6,6.0,,6,6,,0,,1,6.0,6.0,6.0,0.0003
10126,81044 ARANDELA INJ PRETA 15CM LC/GRADE X,35,3.1818181818181817,9.0,1,7,4.363636363636363,6,2.088931871468374,11,3.0,1.5,4.5,0.0032
10127,81044 ARANDELA INJ MARROM 15CM LC/GRADEX,4,4.0,,4,4,,0,,1,4.0,4.0,4.0,0.0003
10359,81050 BR ARANDELA EM ALUMINIO CUPULA,60,2.142857142857143,6.0,1,7,1.3862433862433858,6,1.1773883752795362,28,2.0,2.0,2.0,0.0081
10360,81050 PR ARANDELA EM ALUMINIO CUPULA,59,2.4583333333333335,8.0,1,10,3.824275362318841,9,1.955575455542138,24,2.0,1.0,3.0,0.007
10361,81051 BR/CO ARANDELA EM ALUMINIO ML,3,1.5,4.0,1,2,0.5,1,0.7071067811865476,2,1.5,1.25,1.75,0.0006
10362,81051 PR/CO ARANDELA EM ALUMINIO ML,4,4.0,,4,4,,0,,1,4.0,4.0,4.0,0.0003
10405,81053 BR ARANDELA EM ALUMINIO 1 LAMP,42,1.9090909090909092,5.0,1,5,0.9437229437229439,4,0.971454035826165,22,2.0,1.0,2.0,0.0064
10406,81053 PR ARANDELA EM ALUMINIO 1 LAMP,39,2.2941176470588234,7.0,1,7,1.9705882352941169,6,1.4037764192684379,17,2.0,2.0,2.0,0.0049
10457,81060 DOURADO ARANDELA AL CUPULA CRU NAT,167,2.5692307692307694,7.0,1,8,2.1552884615384618,7,1.4680900726925654,65,2.0,2.0,3.0,0.0189
10458,81061 DOURADO ARANDELA AL CUPULA PRETA,31,2.2142857142857144,6.0,1,5,1.5659340659340657,4,1.2513728724621074,14,2.0,1.25,2.0,0.0041
10465,81065 DOURADO ARANDELA AL CUPULA PRETA,36,2.5714285714285716,9.0,1,7,4.263736263736264,6,2.064881658530644,14,2.0,1.0,2.75,0.0041
10475,81064 DOURADO ARANDELA AL CUPULA CRU NAT,95,2.375,7.0,1,7,2.086538461538461,6,1.4444855352472246,40,2.0,2.0,2.25,0.0116
10488,81051 PR/PR ARANDELA EM ALUMINIO ML,2,1.0,1.0,1,1,0.0,0,0.0,2,1.0,1.0,1.0,0.0006
10558,8148 PR POSTE C/TUBO AL P/1 LAMP 1 METRO,15,3.0,9.0,1,6,4.0,5,2.0,5,2.0,2.0,4.0,0.0015
10614,KIT 8126 PR ARANDELA C/SUP.INF.P/1L,1,1.0,,1,1,,0,,1,1.0,1.0,1.0,0.0003
10666,81090 ARANDELA INJ PRETA E27 LC/OVAL,17,3.4,13.0,1,9,10.299999999999997,8,3.209361307176242,5,2.0,2.0,3.0,0.0015
10679,81090 ARANDELA INJ BRANCA E27 LC/OVAL,5,5.0,,5,5,,0,,1,5.0,5.0,5.0,0.0003
10685,81091 ARAND INJ BRANCA E27 LC / TRIANG,4,4.0,,4,4,,0,,1,4.0,4.0,4.0,0.0003
10686,81091 ARAND INJ MARROM E27 LC / TRIANG,10,5.0,13.0,3,7,8.0,4,2.8284271247461903,2,5.0,4.0,6.0,0.0006
10688,81093 ARAND INJ BRANCO E27 LL / TRIANG,2,2.0,,2,2,,0,,1,2.0,2.0,2.0,0.0003
10761,"8650/3 BR/BR TRIL. AL P/3 LAM E27 1,5 MT",1,1.0,,1,1,,0,,1,1.0,1.0,1.0,0.0003
1114,8119 PR BALIZADOR P/JD E MURO INJ TERM,483,4.6,22.0,1,42,35.56923076923078,41,5.963994531287799,105,3.0,2.0,5.0,0.0305
1114,8119 PR BALIZADOR P/JD E MURO INJ TERM ,548,7.611111111111111,51.0,1,120,213.22691705790294,119,14.602291500237316,72,4.0,2.0,9.0,0.0209
1115,8119 BR BALIZADOR P/JD E MURO INJ TERM ,45,3.4615384615384617,12.0,1,8,7.602564102564102,7,2.757274760078165,13,2.0,1.0,6.0,0.0038
211,8074/1 AL/ PR POSTE AL S/ GLOBO,2,2.0,,2,2,,0,,1,2.0,2.0,2.0,0.0003
213,8075/2 AL/ PR POSTE AL S/ GLOBO,1,1.0,,1,1,,0,,1,1.0,1.0,1.0,0.0003
2235,8292/1 BR/LL PLAFON INJ P/ 1 LAMP RED,1,1.0,,1,1,,0,,1,1.0,1.0,1.0,0.0003
2239,8293/1 BR/LL PLAFON INJ P/ 1 LAMP QUADRA,3,1.5,4.0,1,2,0.5,1,0.7071067811865476,2,1.5,1.25,1.75,0.0006
2247,8297 BR/LC ARANDELA INJ P/1 LAMP ,24,12.0,46.0,4,20,128.0,16,11.313708498984761,2,12.0,8.0,16.0,0.0006
25,8110 PR PENDENTE INJ EM TERMOPLASTICO ,9,3.0,8.0,2,5,3.0,3,1.7320508075688772,3,2.0,2.0,3.5,0.0009
257,8240 PR PROJETOR AL P/1 LAM PAR 20/30/38,63,5.7272727272727275,16.0,1,10,12.618181818181819,9,3.5522080201167583,11,5.0,2.5,9.0,0.0032
266,8243 PR PROJ INJ P/ 1 LAMP PAR 20/30/38,54,3.176470588235294,9.0,1,8,3.4044117647058822,7,1.845104811306361,17,3.0,2.0,4.0,0.0049
266,8243 PR PROJ INJ P/ 1 LAMP PAR 20/30/38 ,35,17.5,71.0,5,30,312.5,25,17.67766952966369,2,17.5,11.25,23.75,0.0006
27,8111 PR ARAND INJ TERMO C/SUPORTE INF ,23,3.2857142857142856,8.0,2,6,2.5714285714285716,4,1.6035674514745464,7,3.0,2.0,4.0,0.002
278,8237 PR ARANDELA INJ P/ 1 LAMP,485,5.574712643678161,22.0,1,29,30.154236835070837,28,5.491287356810863,87,4.0,2.0,7.5,0.0253
279,8237 BR ARANDELA INJ P/ 1 LAMP,109,4.037037037037037,18.0,1,25,20.267806267806268,24,4.501978039462906,27,3.0,2.0,4.0,0.0078
28,8111 BR ARAND INJ TERMO C/SUPORTE INF ,1,1.0,,1,1,,0,,1,1.0,1.0,1.0,0.0003
2868,8293/2 BR/LL PLAFON INJ P/2 LAMP QUAD,1,1.0,,1,1,,0,,1,1.0,1.0,1.0,0.0003
29,8112 PR ARAND INJ TERMO C/SUPORTE SUP ,3,1.5,4.0,1,2,0.5,1,0.7071067811865476,2,1.5,1.25,1.75,0.0006
2900,8105/2 PR SPOT INJ L. TEXAS P/2 LAMPADA,5,2.5,9.0,1,4,4.5,3,2.1213203435596424,2,2.5,1.75,3.25,0.0006
2913,8292/2 BR/LL PLAFON INJ P/ 2 LAMP RED,2,2.0,,2,2,,0,,1,2.0,2.0,2.0,0.0003
31,8116 PR POSTE C/TUBO AL P/1 LAMP INJ TER,52,2.6,5.0,2,4,0.8842105263157893,2,0.9403246919632544,20,2.0,2.0,4.0,0.0058
32,8116 BR POSTE C/TUBO AL P/1 LAMP INJ TER,2,2.0,,2,2,,0,,1,2.0,2.0,2.0,0.0003
33,8117 PR POSTE C/TUBO AL P/2 LAMP INJ TER,582,2.108695652173913,9.0,1,22,5.2972332015810295,21,2.3015718979821225,276,2.0,1.0,2.0,0.0802
3393,8239 BR TART.INJ P/1L C/ GRADE SEM FIO,9,9.0,,9,9,,0,,1,9.0,9.0,9.0,0.0003
3393,8239 BR TART.INJ P/1L C/ GRADE SEM FIO ,2,2.0,,2,2,,0,,1,2.0,2.0,2.0,0.0003
34,8117 BR POSTE C/TUBO AL P/2 LAMP INJ TER,30,1.3636363636363635,3.0,1,2,0.24242424242424243,1,0.49236596391733095,22,1.0,1.0,2.0,0.0064
37,8113 PR PENDENTE INJ EM TERMOPLASTICO,15,5.0,19.0,1,10,21.0,9,4.58257569495584,3,4.0,2.5,7.0,0.0009
37,8113 PR PENDENTE INJ EM TERMOPLASTICO ,170,3.8636363636363638,17.0,1,24,18.39957716701903,23,4.2894728308988075,44,3.0,1.75,4.0,0.0128
38,8113 BR PENDENTE INJ EM TERMOPLASTICO ,15,2.5,9.0,1,6,4.300000000000001,5,2.0736441353327724,6,1.5,1.0,3.5,0.0017
39,8114 PR ARAND INJ TERMO C/SUPORTE INF,27,6.75,32.0,1,19,69.58333333333333,18,8.341662504161466,4,3.5,1.75,8.5,0.0012
39,8114 PR ARAND INJ TERMO C/SUPORTE INF ,208,4.244897959183674,15.0,1,15,13.18877551020408,14,3.631635376824617,49,3.0,2.0,6.0,0.0142
40,8114 BR ARAND INJ TERMO C/SUPORTE INF ,4,1.3333333333333333,3.0,1,2,0.3333333333333333,1,0.5773502691896257,3,1.0,1.0,1.5,0.0009
41,8115 PR ARAND INJ TERMO C/ SUPORTE SUP ,7,1.0,1.0,1,1,0.0,0,0.0,7,1.0,1.0,1.0,0.002
43,8120 PR POSTE C/TUBO AL P/1 LAMP INJ TER,42,1.68,3.0,1,3,0.3099999999999999,2,0.5567764362830021,25,2.0,1.0,2.0,0.0073
44,8120 BR POSTE C/TUBO AL P/1 LAMP INJ TER,2,1.0,1.0,1,1,0.0,0,0.0,2,1.0,1.0,1.0,0.0006
4519,8320 BR ARANDELA REDONDA INJ P/ 1 LAMP,49,2.227272727272727,6.0,1,6,1.9935064935064932,5,1.4119158946291712,22,2.0,1.0,2.75,0.0064
4519,8320 BR ARANDELA REDONDA INJ P/ 1 LAMP ,26,3.7142857142857144,14.0,1,10,10.904761904761905,9,3.3022358947782493,7,2.0,1.5,5.0,0.002
4520,8320 PR ARANDELA REDONDA INJ P/ 1 LAMP,138,3.72972972972973,13.0,1,12,9.091591591591595,11,3.015226623587619,37,2.0,2.0,5.0,0.0107
4520,8320 PR ARANDELA REDONDA INJ P/ 1 LAMP ,17,2.8333333333333335,9.0,1,6,4.566666666666666,5,2.136976056643281,6,2.0,1.25,4.25,0.0017
4525,8340 PR PENDENTE INJ P/ 1 LAMP ,8,4.0,12.0,2,6,8.0,4,2.8284271247461903,2,4.0,3.0,5.0,0.0006
4529,8343 PR ARANDELA INJ P/ 1 LAMP ,35,3.5,10.0,1,8,4.944444444444445,7,2.223610677354389,10,2.5,2.0,4.75,0.0029
4530,8343 BR ARANDELA INJ P/ 1 LAMP ,13,4.333333333333333,14.0,2,8,10.333333333333332,6,3.214550253664318,3,3.0,2.5,5.5,0.0009
4531,8341 BR ARANDELA INJ P/ 1 LAMP ,25,1.9230769230769231,5.0,1,4,0.7435897435897437,3,0.8623164985025763,13,2.0,1.0,2.0,0.0038
4532,8341 PR ARANDELA INJ P/ 1 LAMP ,39,3.5454545454545454,12.0,1,8,7.272727272727273,7,2.6967994498529686,11,2.0,1.5,5.0,0.0032
47,8122 PR POSTE C/TUBO AL P/2 LAMP INJ TER,518,2.0393700787401574,8.0,1,17,4.164451775543867,16,2.0406988448920793,254,1.0,1.0,2.0,0.0738
48,8122 BR POSTE C/TUBO AL P/2 LAMP INJ TER,37,1.7619047619047619,5.0,1,4,0.9904761904761905,3,0.9952267030562386,21,1.0,1.0,3.0,0.0061
4953,8853 GLOBO DE PL√ÅSTICO 15X30 LEITOSO,4,2.0,2.0,2,2,0.0,0,0.0,2,2.0,2.0,2.0,0.0006
5201,8322 IMB ARANDELA TRIANG. INJ P/ 1 LAMP,60,60.0,,60,60,,0,,1,60.0,60.0,60.0,0.0003
5349,8267/2 PR/CR SPOT EM AL P/ 2 LAMP,1,1.0,,1,1,,0,,1,1.0,1.0,1.0,0.0003
5506,8384 BR ARANDELA INJ P/1 LAMP SUP C/ PIN,4,1.3333333333333333,3.0,1,2,0.3333333333333333,1,0.5773502691896257,3,1.0,1.0,1.5,0.0009
5507,8384 PR ARANDELA INJ P/1 LAMP SUP C/ PIN,142,3.641025641025641,11.0,1,11,6.815114709851549,10,2.610577466740175,39,2.0,2.0,6.0,0.0113
5510,8383 PR ARANDELA INJ P/1 LAMP INF C/ PIN,26,2.6,8.0,1,6,3.1555555555555554,5,1.776388345929897,10,2.0,1.25,3.5,0.0029
5513,8381 PR ARANDELA INJ P/1 LAMP C/SUP SUP,2,2.0,,2,2,,0,,1,2.0,2.0,2.0,0.0003
5516,8382 PR PENDENTE INJ P/ 1 LAMP C/ PINHAO,2,2.0,,2,2,,0,,1,2.0,2.0,2.0,0.0003
5518,8385 BR BALIZADOR INJ P/1 LAMP,42,3.5,10.0,1,8,4.636363636363637,7,2.15322168769582,12,3.0,2.0,5.0,0.0035
5518,8385 BR BALIZADOR INJ P/1 LAMP ,102,3.642857142857143,13.0,1,11,10.164021164021163,10,3.188106203378608,28,2.0,1.0,6.0,0.0081
5519,8385 PR BALIZADOR INJ P/1 LAMP ,266,3.8,15.0,1,24,13.031884057971013,23,3.6099700910078205,70,3.0,2.0,4.75,0.0203
5531,8430 BR PENDENTE INJ P/ 1 LAMP ,21,5.25,23.0,1,14,35.583333333333336,13,5.9651767227244274,4,3.0,1.75,6.5,0.0012
5532,8430 PR PENDENTE INJ P/ 1 LAMP,1,1.0,,1,1,,0,,1,1.0,1.0,1.0,0.0003
5532,8430 PR PENDENTE INJ P/ 1 LAMP ,38,2.923076923076923,8.0,1,7,2.9102564102564106,6,1.7059473644448737,13,2.0,2.0,4.0,0.0038
5534,8431 PR ARANDELA INJ P/ 1 LAMP C/SUP INF,94,3.4814814814814814,13.0,1,13,10.797720797720801,12,3.2859885571500094,27,2.0,1.0,4.0,0.0078
5535,8431 BR ARANDELA INJ P/ 1 LAMP C/SUP INF,1,1.0,,1,1,,0,,1,1.0,1.0,1.0,0.0003
5542,8432 BR ARANDELA INJ P/1 LAMP C/SUP SUPE,10,3.3333333333333335,11.0,1,6,6.333333333333333,5,2.516611478423583,3,3.0,2.0,4.5,0.0009
5543,8432 PR ARANDELA INJ P/1 LAMP C/SUP SUPE,92,2.7058823529411766,9.0,1,9,4.274509803921568,8,2.067488767544232,34,2.0,1.0,3.0,0.0099
5544,8433 PR BALIZADOR INJ P/1 LAMP ,87,5.117647058823529,32.0,1,39,81.7352941176471,38,9.04075738628391,17,2.0,1.0,5.0,0.0049
5545,8433 BR BALIZADOR INJ P/1 LAMP ,43,21.5,104.0,2,41,760.5,39,27.577164466275352,2,21.5,11.75,31.25,0.0006
6,8101/2 BR/BR SPOT INJ P/2 LAMP S/ ALETA,3,1.5,4.0,1,2,0.5,1,0.7071067811865476,2,1.5,1.25,1.75,0.0006
6654,8434/1 BR POSTE C/TUBO AL P/1 LAMP INJ ,6,6.0,,6,6,,0,,1,6.0,6.0,6.0,0.0003
6655,8434/1 PR POSTE C/TUBO AL P/1 LAMP INJ,1,1.0,,1,1,,0,,1,1.0,1.0,1.0,0.0003
6655,8434/1 PR POSTE C/TUBO AL P/1 LAMP INJ ,4,4.0,,4,4,,0,,1,4.0,4.0,4.0,0.0003
6672,8386/1 PR POSTE C/TUBO AL P/1 LAMP INJ ,1,1.0,,1,1,,0,,1,1.0,1.0,1.0,0.0003
6884,8311/1 PR PENDENTE INJ P/1 LAMP,1,1.0,,1,1,,0,,1,1.0,1.0,1.0,0.0003
6885,8311/1 BR PENDENTE INJ P/1 LAMP,1,1.0,,1,1,,0,,1,1.0,1.0,1.0,0.0003
7023,8336 BR ARANDELA INJ P/ 1 LAMP ASPEN,177,6.103448275862069,25.0,1,24,38.45320197044335,23,6.2010645836375025,29,4.0,2.0,7.0,0.0084
7024,8336 PR ARANDELA INJ P/ 1 LAMP ASPEN,393,8.1875,32.0,1,33,61.13430851063827,32,7.818843169589621,48,5.5,2.75,12.0,0.0139
7025,8336 MR ARANDELA INJ P/ 1 LAMP ASPEN,3,1.5,4.0,1,2,0.5,1,0.7071067811865476,2,1.5,1.25,1.75,0.0006
7027,8335 BR PENDENTE INJ P/ 1 LAMP ASPEN,45,3.75,16.0,1,16,16.386363636363637,15,4.048007366144933,12,2.5,2.0,4.0,0.0035
7028,8335 PR PENDENTE INJ P/ 1 LAMP ASPEN,214,5.219512195121951,27.0,1,36,50.42560975609756,35,7.101099193512055,41,3.0,2.0,4.0,0.0119
7029,8440 BR ARAND GR INJ P/2 LAMP SAN DIEGO,10,10.0,,10,10,,0,,1,10.0,10.0,10.0,0.0003
7030,8440 PR ARAND GR INJ P/2 LAMP SAN DIEGO,32,2.6666666666666665,14.0,1,14,13.15151515151515,13,3.6265017787828464,12,2.0,1.0,2.0,0.0035
7032,8441 MR/LL ARAND PQ INJ P/1LAM SAN DIEGO,5,5.0,,5,5,,0,,1,5.0,5.0,5.0,0.0003
7033,8441 PR/LL ARAND PQ INJ P/1LAM SAN DIEGO,8,2.6666666666666665,4.0,2,3,0.33333333333333326,1,0.5773502691896257,3,3.0,2.5,3.0,0.0009
7034,8441 BR/LL ARAND PQ INJ P/1LAM SAN DIEGO,13,6.5,21.0,3,10,24.5,7,4.949747468305833,2,6.5,4.75,8.25,0.0006
7189,8267/2 PR/CO SPOT EM AL P/2 LAMP,2,1.0,1.0,1,1,0.0,0,0.0,2,1.0,1.0,1.0,0.0006
740,8280 BR PENDENTE INJ EM TEMOPLAS,3,1.5,4.0,1,2,0.5,1,0.7071067811865476,2,1.5,1.25,1.75,0.0006
7919,8394 PR/LC ARANDELA INJ P/1 LAMP SACO PL,30,4.285714285714286,12.0,1,9,7.23809523809524,8,2.6903708365381975,7,4.0,2.5,5.5,0.002
7921,8395 BR/LC ARANDELA INJ P/1 LAMP SACO PL,4,4.0,,4,4,,0,,1,4.0,4.0,4.0,0.0003
8449,8423/3 BR/BR SPOT AL DELAWARE P/3 LAMP,2,2.0,,2,2,,0,,1,2.0,2.0,2.0,0.0003
8727,8551 PR BAL. INJ.C/GLOBO 25CM PVC BOC 10,18,9.0,22.0,6,12,18.0,6,4.242640687119285,2,9.0,7.5,10.5,0.0006
8759,8567 PR ARAND. INJ. C/GLOBO PVC  BOCA 10,4,4.0,,4,4,,0,,1,4.0,4.0,4.0,0.0003
9425,8442 PR ARAND GR INJ P/2L E27 40CM-SACO,2,2.0,,2,2,,0,,1,2.0,2.0,2.0,0.0003
9430,8443 PR/LL ARAND PQ INJ P/1L E27 25CM,14,7.0,20.0,4,10,18.0,6,4.242640687119285,2,7.0,5.5,8.5,0.0006
9439,8337 PR PENDENTE INJ P/1 LAMP E27-SACO,227,4.54,17.0,1,25,17.23306122448979,24,4.151272241673604,50,3.5,2.0,6.0,0.0145
9440,8337 BR PENDENTE INJ P/ 1 LAMP E27-SACO,10,1.6666666666666667,4.0,1,3,0.6666666666666667,2,0.816496580927726,6,1.5,1.0,2.0,0.0017
9441,8337 MR PENDENTE INJ P/ 1 LAMP E27-SACO,7,7.0,,7,7,,0,,1,7.0,7.0,7.0,0.0003
9444,8338 PR ARANDELA INJ P/ 1 LAMP E27-SACO,754,7.180952380952381,28.0,1,35,50.01501831501829,34,7.0721296873727,105,5.0,2.0,9.0,0.0305
9445,8338 BR ARANDELA INJ P/ 1 LAMP E27-SACO,68,3.7777777777777777,15.0,1,17,13.830065359477123,16,3.718879583890439,18,3.0,2.0,4.0,0.0052
9446,8338 MR ARANDELA INJ P/ 1 LAMP E27-SACO,54,7.714285714285714,22.0,2,14,21.57142857142857,12,4.644505202002531,7,6.0,4.5,11.5,0.002
9447,8338 CO ARANDELA INJ P/ 1 LAMP E27-SACO,13,13.0,,13,13,,0,,1,13.0,13.0,13.0,0.0003
9449,8427 PR PENDENTE INJ P/ 1 LAMP E27-SACO,2,2.0,,2,2,,0,,1,2.0,2.0,2.0,0.0003
9450,8427 BR PENDENTE INJ P/ 1 LAMP E27-SACO,2,2.0,,2,2,,0,,1,2.0,2.0,2.0,0.0003
9454,8428 PR ARANDELA C/SUP.INF.P/1L E27-SACO,189,4.2,15.0,1,14,11.981818181818182,13,3.4614763009181764,45,3.0,2.0,5.0,0.0131
9455,8428 BR ARANDELA C/SUP.INF.P/1L E27-SACO,41,2.411764705882353,7.0,1,6,1.8823529411764706,5,1.3719886811400708,17,2.0,2.0,2.0,0.0049
9456,8428 MR ARANDELA C/SUP.INF.P/1L E27-SACO,54,3.375,13.0,1,11,10.116666666666667,10,3.1806707887907337,16,2.0,1.0,3.25,0.0046
9459,8429 PR ARANDELA C/SUP.SUP.P/1L E27-SACO,37,2.3125,7.0,1,5,2.3625,4,1.5370426148939398,16,2.0,1.0,3.0,0.0046
9460,8429 BR ARANDELA C/SUP.SUP.P/1L E27-SACO,5,2.5,5.0,2,3,0.5,1,0.7071067811865476,2,2.5,2.25,2.75,0.0006
9461,8429 MR ARANDELA C/SUP.SUP.P/1L E27-SACO,43,3.909090909090909,10.0,1,6,3.8909090909090907,5,1.9725387425622571,11,4.0,2.0,6.0,0.0032
9470,8125 PR PENDENTE INJ P/1 LAMP E27-SACO,359,5.358208955223881,15.0,1,18,9.384893713251927,17,3.063477389055112,67,4.0,4.0,7.0,0.0195
9471,8125 BR PENDENTE INJ P/1 LAMP E27,4,4.0,,4,4,,0,,1,4.0,4.0,4.0,0.0003
9472,8125 MR PENDENTE INJ P/1 LAMP E27-SACO,22,2.75,10.0,1,9,6.5,8,2.5495097567963922,8,2.0,2.0,2.0,0.0023
9475,8126 PR ARANDELA C/SUP.INF.P/1L E27-SACO,155,3.4444444444444446,13.0,1,17,10.434343434343434,16,3.2302234341208402,45,2.0,2.0,4.0,0.0131
9476,8126 BR ARANDELA C/SUP.INF.P/1L E27-SACO,24,2.6666666666666665,7.0,1,4,1.75,3,1.3228756555322954,9,2.0,2.0,4.0,0.0026
9477,8126 MR ARANDELA C/SUP.INF.P/1L E27-SACO,3,1.5,4.0,1,2,0.5,1,0.7071067811865476,2,1.5,1.25,1.75,0.0006
9480,8127 PR ARANDELA C/SUP.INF.P/1L E27-SACO,93,2.3846153846153846,7.0,1,6,2.40080971659919,5,1.549454651352917,39,2.0,1.0,3.0,0.0113
9481,8127 BR ARANDELA C/SUP.SUP.P/1L E27-SACO,9,1.5,3.0,1,2,0.30000000000000004,1,0.5477225575051662,6,1.5,1.0,2.0,0.0017
9549,8328 BR ARANDELA P/1L E27 COM SUP.INFERI,2,2.0,,2,2,,0,,1,2.0,2.0,2.0,0.0003
9550,8328 PR ARANDELA P/1L E27 COM SUP.INFERI,23,3.2857142857142856,9.0,1,6,3.2380952380952377,5,1.7994708216848745,7,3.0,2.0,4.5,0.002
9552,8329 BR ARANDELA INJ P/1 LAMP SUP C/ PIN,2,2.0,,2,2,,0,,1,2.0,2.0,2.0,0.0003
9553,8329 PR ARANDELA INJ P/1 LAMP SUP C/ PIN,96,3.6923076923076925,12.0,1,11,8.381538461538463,10,2.895088679391093,26,2.5,2.0,5.5,0.0076
9585,8341 MR ARANDELA INJ P/ 1 LAMP,10,2.0,5.0,1,3,1.0,2,1.0,5,2.0,1.0,3.0,0.0015
9585,8341 MR ARANDELA INJ P/ 1 LAMP ,22,3.6666666666666665,10.0,2,8,5.066666666666666,6,2.250925735484551,6,3.0,2.25,3.75,0.0017
9587,8343 MR ARANDELA INJ P/ 1 LAMP ,20,3.3333333333333335,8.0,2,6,2.2666666666666666,4,1.505545305418162,6,3.0,2.25,3.75,0.0017
9589,8431 MR ARANDELA INJ P/1 LAMP C/SUP INF,1,1.0,,1,1,,0,,1,1.0,1.0,1.0,0.0003
9590,8432 MR ARANDELA INJ P/1 LAMP C/SUP SUP,4,2.0,6.0,1,3,2.0,2,1.4142135623730951,2,2.0,1.5,2.5,0.0006
9595,8383 MR ARANDELA INJ P/1 LAMP INF C/PIN,1,1.0,,1,1,,0,,1,1.0,1.0,1.0,0.0003
9596,8384 MR ARANDELA INJ P/1 LAMP SUP C/PIN,10,10.0,,10,10,,0,,1,10.0,10.0,10.0,0.0003
9597,8385 MR BALIZADOR INJ P/1 LAMP ,105,3.888888888888889,19.0,1,20,25.102564102564102,19,5.0102459123843515,27,2.0,1.0,4.0,0.0078
9602,8113 MR PENDENTE INJ EM TERMOPLASTICO ,4,1.3333333333333333,3.0,1,2,0.3333333333333333,1,0.5773502691896257,3,1.0,1.0,1.5,0.0009
9605,8119 MR BALIZADOR P/JD E MURO INJ TERM ,92,10.222222222222221,37.0,1,30,79.44444444444444,29,8.913161304747291,9,7.0,7.0,10.0,0.0026
9606,8320 MR ARANDELA REDONDA INJ P/ 1 LAMP,15,3.75,7.0,3,5,0.9166666666666666,2,0.9574271077563381,4,3.5,3.0,4.25,0.0012
9606,8320 MR ARANDELA REDONDA INJ P/ 1 LAMP ,15,5.0,10.0,3,6,3.0,3,1.7320508075688772,3,6.0,4.5,6.0,0.0009
9612,8237 MR ARANDELA INJ P/ 1 LAMP,112,3.5,11.0,1,10,5.870967741935483,9,2.423007994608248,32,3.0,2.0,4.0,0.0093
9630,8444 MR ARAND INJ.P/1L E27 LENTE TRANSPA,7,7.0,,7,7,,0,,1,7.0,7.0,7.0,0.0003
9639,8800 BRANCO ARANDELA INJETADA P/1LAMP G9,4,4.0,,4,4,,0,,1,4.0,4.0,4.0,0.0003
9641,8801 PRETA ARANDELA INJETADA P/1LAMP G9,4,4.0,,4,4,,0,,1,4.0,4.0,4.0,0.0003
9716,8830 BR SPOT DE SOBREPOR QUAD.MR16/GU10,4,4.0,,4,4,,0,,1,4.0,4.0,4.0,0.0003
9717,8830 PR SPOT DE SOBREPOR QUAD.MR16/GU10,93,6.2,18.0,1,17,14.314285714285713,16,3.7834224868874626,15,5.0,3.5,8.0,0.0044
9719,8831 PR SPOT DE SOBREPOR RED.MR16/GU10,52,5.2,15.0,2,11,10.399999999999999,9,3.2249030993194197,10,4.0,3.0,6.75,0.0029
9722,8833 BR SPOT DE SOBREPOR RED.MR16/GU10 ,14,4.666666666666667,13.0,3,8,8.333333333333332,5,2.8867513459481287,3,3.0,3.0,5.5,0.0009
9723,8833 PR SPOT DE SOBREPOR RED.MR16/GU10 ,77,4.529411764705882,15.0,1,12,11.389705882352942,11,3.374863831675723,17,3.0,2.0,6.0,0.0049
9725,8834 PR SPOT DE SOBREPOR QUA. E27-PAR 20,53,8.833333333333334,34.0,1,25,72.56666666666668,24,8.518607084885808,6,6.5,4.25,9.5,0.0017
9726,8835 BR SPOT DE SOBREPOR RED.E-27 PAR 20,20,4.0,10.0,2,7,4.0,5,2.0,5,3.0,3.0,5.0,0.0015
9727,8835 PR SPOT DE SOBREPOR RED.E27-PAR 20,49,8.166666666666666,30.0,2,20,52.166666666666664,18,7.222649560006817,6,5.0,3.25,12.0,0.0017
9755,8130 BR PENDENTE P/ 1 LAMP E27,6,1.5,4.0,1,3,1.0000000000000002,2,1.0,4,1.0,1.0,1.5,0.0012
9756,8130 PR PENDENTE P/ 1 LAMP E27,158,5.096774193548387,21.0,1,25,28.29032258064516,24,5.318864783075911,31,2.0,1.5,7.5,0.009
9757,8130 MR PENDENTE P/ 1 LAMP E27,7,3.5,10.0,2,5,4.5,3,2.1213203435596424,2,3.5,2.75,4.25,0.0006
9761,8131 PR ARANDELA C/SUP.INF.P 1 LAMP E27,22,2.2,8.0,1,7,3.7333333333333334,6,1.9321835661585918,10,1.5,1.0,2.0,0.0029
9766,8132 PR ARANDELA C/SUP.SUP.P/ 1 LAMP E27,2,2.0,,2,2,,0,,1,2.0,2.0,2.0,0.0003
9767,8132 MR ARANDELA C/SUP.SUP.P/ 1 LAMP E27,11,2.2,7.0,1,4,2.7,3,1.6431676725154984,5,1.0,1.0,4.0,0.0015
9771,8133 PR BALIZADOR P/1 LAMP E27,110,3.3333333333333335,19.0,1,22,28.35416666666667,21,5.324863065531983,33,1.0,1.0,1.0,0.0096
9778,8135 PR POSTE P/2 LAMP E27,5,1.6666666666666667,5.0,1,3,1.3333333333333335,2,1.1547005383792517,3,1.0,1.0,2.0,0.0009
9779,8136 BR PENDENTE INJ P/1 LAMP E27 L/C,85,2.236842105263158,6.0,1,7,1.9153627311522048,6,1.38396630419682,38,2.0,1.0,3.0,0.011
9780,8136 PR PENDENTE INJ P/1 LAMP E27 L/C,1604,4.609195402298851,23.0,1,49,36.117724999171855,48,6.009802409328601,348,3.0,2.0,5.0,0.1011
9781,8136 MR PENDENTE INJ P/1 LAMP E27 L/C,6,6.0,,6,6,,0,,1,6.0,6.0,6.0,0.0003
9785,8137 PR ARANDELA C/SUP.INF.P/1L E27 L/C,62,3.6470588235294117,11.0,1,9,6.117647058823529,8,2.4733877696033693,17,2.0,2.0,5.0,0.0049
9786,8137 MR ARANDELA C/SUP.INF.P/1L E27 L/C,51,2.4285714285714284,8.0,1,8,3.257142857142857,7,1.804755622554715,21,2.0,1.0,3.0,0.0061
9790,8138 PR ARANDELA C/SUP.SUP.P/1L E27 L/C,6,3.0,7.0,2,4,2.0,2,1.4142135623730951,2,3.0,2.5,3.5,0.0006
9791,8138 MR ARANDELA C/SUP.SUP.P/1L E27 L/C,11,11.0,,11,11,,0,,1,11.0,11.0,11.0,0.0003
9814,8830 MR SPOT DE SOBREPOR QUAD.MR16/GU10,7,3.5,14.0,1,6,12.5,5,3.5355339059327378,2,3.5,2.25,4.75,0.0006
9815,8831 MR SPOT DE SOBREPOR RED.MR16/GU10,6,6.0,,6,6,,0,,1,6.0,6.0,6.0,0.0003
9816,8832 MR SPOT DE SOBREPOR QUAD.MR16/GU10,12,12.0,,12,12,,0,,1,12.0,12.0,12.0,0.0003
9817,8833 MR SPOT DE SOBREPOR RED.MR16/GU10 ,34,4.857142857142857,13.0,1,10,8.142857142857142,9,2.8535691936340255,7,4.0,4.0,5.5,0.002
9819,8835 MR SPOT DE SOBREPOR RED.E-27 PAR 20,50,6.25,18.0,1,10,14.785714285714283,9,3.845219666769934,8,6.5,3.0,10.0,0.0023
9820,8140 BR PENDENTE P/1 LAMP E27 LENTE CRIS,1,1.0,,1,1,,0,,1,1.0,1.0,1.0,0.0003
9821,8140 PR PENDENTE P/1 LAMP E27 LENTE CRIS,13,2.1666666666666665,6.0,1,4,1.3666666666666667,3,1.1690451944500122,6,2.0,1.25,2.75,0.0017
9824,8141 PR ARAN SUP.INFERIOR LENTE CRISTAL,5,1.6666666666666667,5.0,1,3,1.3333333333333335,2,1.1547005383792517,3,1.0,1.0,2.0,0.0009
9827,8142 PR ARAN SUP.SUPERIOR LENTE CRISTAL,1,1.0,,1,1,,0,,1,1.0,1.0,1.0,0.0003
9831,8144 PR POSTE P/2 LAMP E27 LENTE CRISTAL,11,1.2222222222222223,3.0,1,2,0.19444444444444442,1,0.4409585518440984,9,1.0,1.0,1.0,0.0026
9834,8145 PR BALIZADOR P/1 LAMP E27 LENTE CRI,8,1.6,3.0,1,2,0.30000000000000004,1,0.5477225575051662,5,2.0,1.0,2.0,0.0015
9836,8244 BR ARANDELA P/1LAMP E27 LENTE TRANS,42,3.5,13.0,1,12,9.000000000000002,11,3.0000000000000004,12,2.5,2.0,4.25,0.0035
9837,8244 PR ARANDELA P/1LAMP E27 LENTE TRANS,161,4.472222222222222,19.0,1,22,23.684920634920637,21,4.86671559009982,36,2.0,2.0,5.25,0.0105
9838,8244 MR ARANDELA P/1LAMP E27 LENTE TRANS,44,4.4,18.0,1,15,20.48888888888889,14,4.526465385804788,10,2.0,2.0,6.5,0.0029
9840,8323 PR ARANDELA P/1 LAMP E27 LENTE TRAN,13,6.5,30.0,1,12,60.5,11,7.7781745930520225,2,6.5,3.75,9.25,0.0006
9868,8117 MR POSTE C/TUBO AL P/2 LAMP E27,4,4.0,,4,4,,0,,1,4.0,4.0,4.0,0.0003
9923,8426 BR BALIZADOR P/JD E MURO P/1 LAMP ,7,2.3333333333333335,7.0,1,4,2.3333333333333335,3,1.5275252316519468,3,2.0,1.5,3.0,0.0009
9924,8426 PR BALIZADOR P/JD E MURO P/1 LAMP,76,4.470588235294118,10.0,1,6,3.2647058823529416,5,1.8068497121656084,17,5.0,3.0,6.0,0.0049
9924,8426 PR BALIZADOR P/JD E MURO P/1 LAMP ,67,3.0454545454545454,11.0,1,12,7.56926406926407,11,2.7512295559011557,22,2.0,2.0,3.0,0.0064
9925,8426 MR BALIZADOR P/JD E MURO P/1 LAMP ,25,5.0,17.0,2,10,17.0,8,4.123105625617661,5,2.0,2.0,9.0,0.0015
9933,8147 PR BALIZADOR L/C P/JD E MURO P/1LAM,18,3.6,21.0,1,14,33.8,13,5.813776741499453,5,1.0,1.0,1.0,0.0015
9935,8150 BR BALIZADOR L/F P/JD E MURO P/1LAM,28,2.3333333333333335,7.0,1,7,2.7878787878787876,6,1.6696942198734437,12,2.0,1.75,2.0,0.0035
9936,8150 PR BALIZADOR L/F P/JD E MURO P/1LAM,189,3.5660377358490565,18.0,1,32,22.058055152394772,31,4.696600382446304,53,2.0,2.0,3.0,0.0154
9937,8150 MR BALIZADOR L/F P/JD E MURO P/1LAM,10,1.4285714285714286,3.0,1,2,0.28571428571428575,1,0.5345224838248488,7,1.0,1.0,2.0,0.002
9938,8151 BR BALIZADOR L/C P/JD E MURO P/1LAM,28,3.5,11.0,1,9,6.0,8,2.449489742783178,8,3.0,2.0,4.0,0.0023
9939,8151 PR BALIZADOR L/C P/JD E MURO P/1LAM,159,2.789473684210526,9.0,1,12,3.883458646616542,11,1.9706492956933108,57,2.0,2.0,3.0,0.0166
9940,8151 MR BALIZADOR L/C P/JD E MURO P/1LAM,23,3.2857142857142856,13.0,1,10,9.571428571428571,9,3.093772546815388,7,2.0,2.0,3.0,0.002
