descricao,soma,media,calculo,minimo,maximo,variancia,amplitude,desvio_padrao,frequencia,quantidade_median,quantidade_q1,quantidade_q3,frequencia_relativa,qtd_1_emb,qtd_2_emb,qtd_3_emb,qtd_4_emb,qtd_5_emb,qtd_6_emb,qtd_7_emb,qtd_8_emb,qtd_9_emb,qtd_10_emb,qtd_11_emb,qtd_12_emb,qtd_13_emb,qtd_14_emb,qtd_15_emb,qtd_16_emb,qtd_17_emb,qtd_18_emb,qtd_19_emb,qtd_20_emb,qtd_22_emb,qtd_23_emb,qtd_24_emb,qtd_25_emb,qtd_27_emb,qtd_28_emb,qtd_30_emb,qtd_33_emb,qtd_45_emb
8075/2 AL/ PR POSTE AL S/ GLOBO,3,1.5,5.0,1,2,0.5,1,0.7071067811865476,2,1.5,1.25,1.75,0.0013,0.5,0.5,0.0,0.0,0.0,0.0,0.0,0.0,0.0,0.0,0.0,0.0,0.0,0.0,0.0,0.0,0.0,0.0,0.0,0.0,0.0,0.0,0.0,0.0,0.0,0.0,0.0,0.0,0.0
8101/2 BR/BR SPOT INJ P/2 LAMP S/ ALETA,4,1.3333333333333333,4.0,1,2,0.3333333333333333,1,0.5773502691896257,3,1.0,1.0,1.5,0.002,0.6667,0.3333,0.0,0.0,0.0,0.0,0.0,0.0,0.0,0.0,0.0,0.0,0.0,0.0,0.0,0.0,0.0,0.0,0.0,0.0,0.0,0.0,0.0,0.0,0.0,0.0,0.0,0.0,0.0
81034 BR PLAFON EM ALUMINIO P/2 E27,7,3.5,14.0,2,5,4.5,3,2.1213203435596424,2,3.5,2.75,4.25,0.0013,0.0,0.5,0.0,0.0,0.5,0.0,0.0,0.0,0.0,0.0,0.0,0.0,0.0,0.0,0.0,0.0,0.0,0.0,0.0,0.0,0.0,0.0,0.0,0.0,0.0,0.0,0.0,0.0,0.0
81034 CO PLAFON EM ALUMINIO P/2 E27,2,1.0,1.0,1,1,0.0,0,0.0,2,1.0,1.0,1.0,0.0013,1.0,0.0,0.0,0.0,0.0,0.0,0.0,0.0,0.0,0.0,0.0,0.0,0.0,0.0,0.0,0.0,0.0,0.0,0.0,0.0,0.0,0.0,0.0,0.0,0.0,0.0,0.0,0.0,0.0
81034 PR PLAFON EM ALUMINIO P/2 E27,7,1.4,4.0,1,2,0.30000000000000004,1,0.5477225575051662,5,1.0,1.0,2.0,0.0034,0.6,0.4,0.0,0.0,0.0,0.0,0.0,0.0,0.0,0.0,0.0,0.0,0.0,0.0,0.0,0.0,0.0,0.0,0.0,0.0,0.0,0.0,0.0,0.0,0.0,0.0,0.0,0.0,0.0
81040 ARANDELA INJ PRETA 15CM LC/ABERTA,1,1.0,,1,1,,0,,1,1.0,1.0,1.0,0.0007,1.0,0.0,0.0,0.0,0.0,0.0,0.0,0.0,0.0,0.0,0.0,0.0,0.0,0.0,0.0,0.0,0.0,0.0,0.0,0.0,0.0,0.0,0.0,0.0,0.0,0.0,0.0,0.0,0.0
81044 ARANDELA INJ PRETA 15CM LC/GRADE X,5,2.5,13.0,1,4,4.5,3,2.1213203435596424,2,2.5,1.75,3.25,0.0013,0.5,0.0,0.0,0.5,0.0,0.0,0.0,0.0,0.0,0.0,0.0,0.0,0.0,0.0,0.0,0.0,0.0,0.0,0.0,0.0,0.0,0.0,0.0,0.0,0.0,0.0,0.0,0.0,0.0
8105/2 PR SPOT INJ L. TEXAS P/2 LAMPADA,1,1.0,,1,1,,0,,1,1.0,1.0,1.0,0.0007,1.0,0.0,0.0,0.0,0.0,0.0,0.0,0.0,0.0,0.0,0.0,0.0,0.0,0.0,0.0,0.0,0.0,0.0,0.0,0.0,0.0,0.0,0.0,0.0,0.0,0.0,0.0,0.0,0.0
81050 BR ARANDELA EM ALUMINIO CUPULA,19,1.5833333333333333,6.0,1,4,0.8106060606060607,3,0.90033663737852,12,1.0,1.0,2.0,0.0081,0.5833,0.3333,0.0,0.0833,0.0,0.0,0.0,0.0,0.0,0.0,0.0,0.0,0.0,0.0,0.0,0.0,0.0,0.0,0.0,0.0,0.0,0.0,0.0,0.0,0.0,0.0,0.0,0.0,0.0
81050 PR ARANDELA EM ALUMINIO CUPULA,8,1.6,4.0,1,2,0.3,1,0.5477225575051661,5,2.0,1.0,2.0,0.0034,0.4,0.6,0.0,0.0,0.0,0.0,0.0,0.0,0.0,0.0,0.0,0.0,0.0,0.0,0.0,0.0,0.0,0.0,0.0,0.0,0.0,0.0,0.0,0.0,0.0,0.0,0.0,0.0,0.0
81053 BR ARANDELA EM ALUMINIO 1 LAMP,33,2.0625,9.0,1,6,1.6624999999999999,5,1.2893796958227626,16,2.0,1.0,2.0,0.0108,0.3125,0.5625,0.0,0.0625,0.0,0.0625,0.0,0.0,0.0,0.0,0.0,0.0,0.0,0.0,0.0,0.0,0.0,0.0,0.0,0.0,0.0,0.0,0.0,0.0,0.0,0.0,0.0,0.0,0.0
81053 PR ARANDELA EM ALUMINIO 1 LAMP,2,2.0,,2,2,,0,,1,2.0,2.0,2.0,0.0007,0.0,1.0,0.0,0.0,0.0,0.0,0.0,0.0,0.0,0.0,0.0,0.0,0.0,0.0,0.0,0.0,0.0,0.0,0.0,0.0,0.0,0.0,0.0,0.0,0.0,0.0,0.0,0.0,0.0
81060 DOURADO ARANDELA AL CUPULA CRU,112,2.9473684210526314,14.0,1,11,4.7539118065433845,10,2.1803467170483195,38,2.0,2.0,4.0,0.0256,0.1579,0.4737,0.0526,0.2105,0.0263,0.0263,0.0,0.0,0.0,0.0263,0.0263,0.0,0.0,0.0,0.0,0.0,0.0,0.0,0.0,0.0,0.0,0.0,0.0,0.0,0.0,0.0,0.0,0.0,0.0
81061 DOURADO ARANDELA AL CUPULA PRETA,15,1.875,7.0,1,4,0.9821428571428571,3,0.9910312089651149,8,2.0,1.0,2.0,0.0054,0.375,0.5,0.0,0.125,0.0,0.0,0.0,0.0,0.0,0.0,0.0,0.0,0.0,0.0,0.0,0.0,0.0,0.0,0.0,0.0,0.0,0.0,0.0,0.0,0.0,0.0,0.0,0.0,0.0
81064 DOURADO ARANDELA AL CUPULA CRU,26,1.625,4.0,1,2,0.25000000000000006,1,0.5,16,2.0,1.0,2.0,0.0108,0.375,0.625,0.0,0.0,0.0,0.0,0.0,0.0,0.0,0.0,0.0,0.0,0.0,0.0,0.0,0.0,0.0,0.0,0.0,0.0,0.0,0.0,0.0,0.0,0.0,0.0,0.0,0.0,0.0
81065 DOURADO ARANDELA AL CUPULA PRETA,7,7.0,,7,7,,0,,1,7.0,7.0,7.0,0.0007,0.0,0.0,0.0,0.0,0.0,0.0,1.0,0.0,0.0,0.0,0.0,0.0,0.0,0.0,0.0,0.0,0.0,0.0,0.0,0.0,0.0,0.0,0.0,0.0,0.0,0.0,0.0,0.0,0.0
81090 ARANDELA INJ BRANCA E27 LC/OVAL,11,5.5,9.0,5,6,0.5,1,0.7071067811865476,2,5.5,5.25,5.75,0.0013,0.0,0.0,0.0,0.0,0.5,0.5,0.0,0.0,0.0,0.0,0.0,0.0,0.0,0.0,0.0,0.0,0.0,0.0,0.0,0.0,0.0,0.0,0.0,0.0,0.0,0.0,0.0,0.0,0.0
81090 ARANDELA INJ MR E27 LC / OVAL,4,4.0,,4,4,,0,,1,4.0,4.0,4.0,0.0007,0.0,0.0,0.0,1.0,0.0,0.0,0.0,0.0,0.0,0.0,0.0,0.0,0.0,0.0,0.0,0.0,0.0,0.0,0.0,0.0,0.0,0.0,0.0,0.0,0.0,0.0,0.0,0.0,0.0
81090 ARANDELA INJ PRETA E27 LC/OVAL,12,4.0,30.0,1,10,27.0,9,5.196152422706632,3,1.0,1.0,5.5,0.002,0.6667,0.0,0.0,0.0,0.0,0.0,0.0,0.0,0.0,0.3333,0.0,0.0,0.0,0.0,0.0,0.0,0.0,0.0,0.0,0.0,0.0,0.0,0.0,0.0,0.0,0.0,0.0,0.0,0.0
81091 ARANDELA INJ BRANCA E27 LC / TRIANG,4,4.0,,4,4,,0,,1,4.0,4.0,4.0,0.0007,0.0,0.0,0.0,1.0,0.0,0.0,0.0,0.0,0.0,0.0,0.0,0.0,0.0,0.0,0.0,0.0,0.0,0.0,0.0,0.0,0.0,0.0,0.0,0.0,0.0,0.0,0.0,0.0,0.0
81091 ARANDELA INJ MARROM E27 LC / TRIANG,10,10.0,,10,10,,0,,1,10.0,10.0,10.0,0.0007,0.0,0.0,0.0,0.0,0.0,0.0,0.0,0.0,0.0,1.0,0.0,0.0,0.0,0.0,0.0,0.0,0.0,0.0,0.0,0.0,0.0,0.0,0.0,0.0,0.0,0.0,0.0,0.0,0.0
81092 ARANDELA INJ PRETA E27 LL / OVAL,1,1.0,,1,1,,0,,1,1.0,1.0,1.0,0.0007,1.0,0.0,0.0,0.0,0.0,0.0,0.0,0.0,0.0,0.0,0.0,0.0,0.0,0.0,0.0,0.0,0.0,0.0,0.0,0.0,0.0,0.0,0.0,0.0,0.0,0.0,0.0,0.0,0.0
81093 ARANDELA INJ BRANCO E27 LL / TRIANG,12,6.0,34.0,2,10,32.0,8,5.656854249492381,2,6.0,4.0,8.0,0.0013,0.0,0.5,0.0,0.0,0.0,0.0,0.0,0.0,0.0,0.5,0.0,0.0,0.0,0.0,0.0,0.0,0.0,0.0,0.0,0.0,0.0,0.0,0.0,0.0,0.0,0.0,0.0,0.0,0.0
8110 PR PENDENTE INJ EM TERMOPLASTICO,15,5.0,20.0,2,8,9.0,6,3.0,3,5.0,3.5,6.5,0.002,0.0,0.3333,0.0,0.0,0.3333,0.0,0.0,0.3333,0.0,0.0,0.0,0.0,0.0,0.0,0.0,0.0,0.0,0.0,0.0,0.0,0.0,0.0,0.0,0.0,0.0,0.0,0.0,0.0,0.0
8111 PR ARANDELA INJ TERMO C/SUPORTE INF,9,3.0,16.0,1,6,7.0,5,2.6457513110645907,3,2.0,1.5,4.0,0.002,0.3333,0.3333,0.0,0.0,0.0,0.3333,0.0,0.0,0.0,0.0,0.0,0.0,0.0,0.0,0.0,0.0,0.0,0.0,0.0,0.0,0.0,0.0,0.0,0.0,0.0,0.0,0.0,0.0,0.0
8112 PR ARANDELA INJ TERMO C/SUPORTE SUP,1,1.0,,1,1,,0,,1,1.0,1.0,1.0,0.0007,1.0,0.0,0.0,0.0,0.0,0.0,0.0,0.0,0.0,0.0,0.0,0.0,0.0,0.0,0.0,0.0,0.0,0.0,0.0,0.0,0.0,0.0,0.0,0.0,0.0,0.0,0.0,0.0,0.0
8114 PR ARANDELA INJ TERMO C/SUPORTE INF,1,1.0,,1,1,,0,,1,1.0,1.0,1.0,0.0007,1.0,0.0,0.0,0.0,0.0,0.0,0.0,0.0,0.0,0.0,0.0,0.0,0.0,0.0,0.0,0.0,0.0,0.0,0.0,0.0,0.0,0.0,0.0,0.0,0.0,0.0,0.0,0.0,0.0
8115 PR ARANDELA INJ TERMO C/ SUPORTE SUP,6,1.2,3.0,1,2,0.2,1,0.4472135954999579,5,1.0,1.0,1.0,0.0034,0.8,0.2,0.0,0.0,0.0,0.0,0.0,0.0,0.0,0.0,0.0,0.0,0.0,0.0,0.0,0.0,0.0,0.0,0.0,0.0,0.0,0.0,0.0,0.0,0.0,0.0,0.0,0.0,0.0
8116 BR POSTE C/TUBO AL P/1 LAMP INJ,3,1.5,5.0,1,2,0.5,1,0.7071067811865476,2,1.5,1.25,1.75,0.0013,0.5,0.5,0.0,0.0,0.0,0.0,0.0,0.0,0.0,0.0,0.0,0.0,0.0,0.0,0.0,0.0,0.0,0.0,0.0,0.0,0.0,0.0,0.0,0.0,0.0,0.0,0.0,0.0,0.0
8116 PR POSTE C/TUBO AL P/1 LAMP INJ,84,3.8181818181818183,15.0,2,10,5.2987012987013,8,2.3018908094654056,22,3.0,2.0,5.5,0.0148,0.0,0.5,0.0,0.2273,0.0,0.1818,0.0,0.0455,0.0,0.0455,0.0,0.0,0.0,0.0,0.0,0.0,0.0,0.0,0.0,0.0,0.0,0.0,0.0,0.0,0.0,0.0,0.0,0.0,0.0
8117 BR POSTE C/TUBO AL P/2 LAMP INJ,25,1.5625,6.0,1,4,0.9291666666666667,3,0.963932916061417,16,1.0,1.0,2.0,0.0108,0.6875,0.125,0.125,0.0625,0.0,0.0,0.0,0.0,0.0,0.0,0.0,0.0,0.0,0.0,0.0,0.0,0.0,0.0,0.0,0.0,0.0,0.0,0.0,0.0,0.0,0.0,0.0,0.0,0.0
8117 PR POSTE C/TUBO AL P/2 LAMP INJ,356,3.7473684210526317,22.0,1,18,12.914221724524072,17,3.5936362816128278,95,3.0,1.5,4.0,0.0641,0.2526,0.2421,0.1579,0.1053,0.0526,0.0526,0.0105,0.0421,0.0,0.0316,0.0105,0.0,0.0105,0.0,0.0,0.0,0.0105,0.0211,0.0,0.0,0.0,0.0,0.0,0.0,0.0,0.0,0.0,0.0,0.0
8119 BR BALIZADOR P/JD E MURO INJ,47,5.222222222222222,43.0,1,25,58.44444444444444,24,7.644896627453143,9,2.0,1.0,5.0,0.0061,0.3333,0.2222,0.0,0.1111,0.1111,0.1111,0.0,0.0,0.0,0.0,0.0,0.0,0.0,0.0,0.0,0.0,0.0,0.0,0.0,0.0,0.0,0.0,0.0,0.1111,0.0,0.0,0.0,0.0,0.0
8119 MR BALIZADOR P/JD E MURO INJ,8,2.6666666666666665,13.0,1,5,4.333333333333333,4,2.0816659994661326,3,2.0,1.5,3.5,0.002,0.3333,0.3333,0.0,0.0,0.3333,0.0,0.0,0.0,0.0,0.0,0.0,0.0,0.0,0.0,0.0,0.0,0.0,0.0,0.0,0.0,0.0,0.0,0.0,0.0,0.0,0.0,0.0,0.0,0.0
8119 PR BALIZADOR P/JD E MURO INJ,192,4.682926829268292,26.0,1,20,18.021951219512196,19,4.245226874916368,41,4.0,2.0,4.0,0.0277,0.0976,0.3171,0.0488,0.2927,0.0,0.0244,0.0244,0.0244,0.0244,0.0976,0.0,0.0,0.0,0.0,0.0,0.0,0.0,0.0244,0.0,0.0244,0.0,0.0,0.0,0.0,0.0,0.0,0.0,0.0,0.0
8120 PR POSTE C/TUBO AL P/1 LAMP INJ,11,2.75,9.0,1,4,1.5833333333333333,3,1.2583057392117916,4,3.0,2.5,3.25,0.0027,0.25,0.0,0.5,0.25,0.0,0.0,0.0,0.0,0.0,0.0,0.0,0.0,0.0,0.0,0.0,0.0,0.0,0.0,0.0,0.0,0.0,0.0,0.0,0.0,0.0,0.0,0.0,0.0,0.0
8122 BR POSTE C/TUBO AL P/2 LAMP INJ,27,2.076923076923077,8.0,1,4,1.2435897435897436,3,1.1151635501529555,13,2.0,1.0,3.0,0.0088,0.4615,0.0769,0.3846,0.0769,0.0,0.0,0.0,0.0,0.0,0.0,0.0,0.0,0.0,0.0,0.0,0.0,0.0,0.0,0.0,0.0,0.0,0.0,0.0,0.0,0.0,0.0,0.0,0.0,0.0
8122 PR POSTE C/TUBO AL P/2 LAMP INJ,283,3.493827160493827,18.0,1,15,8.153086419753084,14,2.8553609963983684,81,2.0,2.0,4.0,0.0547,0.2346,0.2716,0.1358,0.1235,0.0494,0.0494,0.037,0.0247,0.0247,0.0247,0.0,0.0,0.0123,0.0,0.0123,0.0,0.0,0.0,0.0,0.0,0.0,0.0,0.0,0.0,0.0,0.0,0.0,0.0,0.0
8125 BR PENDENTE INJ P/1 LAMP E27,4,4.0,,4,4,,0,,1,4.0,4.0,4.0,0.0007,0.0,0.0,0.0,1.0,0.0,0.0,0.0,0.0,0.0,0.0,0.0,0.0,0.0,0.0,0.0,0.0,0.0,0.0,0.0,0.0,0.0,0.0,0.0,0.0,0.0,0.0,0.0,0.0,0.0
8125 MR PENDENTE INJ P/1 LAMP E27,13,13.0,,13,13,,0,,1,13.0,13.0,13.0,0.0007,0.0,0.0,0.0,0.0,0.0,0.0,0.0,0.0,0.0,0.0,0.0,0.0,1.0,0.0,0.0,0.0,0.0,0.0,0.0,0.0,0.0,0.0,0.0,0.0,0.0,0.0,0.0,0.0,0.0
8125 PR PENDENTE INJ P/1 LAMP E27,243,7.59375,33.0,1,20,26.700604838709676,19,5.167262799462562,32,5.5,4.0,9.0,0.0216,0.0312,0.0,0.0625,0.375,0.0312,0.0625,0.0,0.1875,0.0,0.0,0.0,0.0938,0.0312,0.0,0.0,0.0312,0.0,0.0312,0.0,0.0625,0.0,0.0,0.0,0.0,0.0,0.0,0.0,0.0,0.0
8126 BR ARANDELA C/SUP.INF.P/1L E27,23,2.3,9.0,1,4,1.5666666666666667,3,1.2516655570345725,10,2.0,1.25,3.5,0.0067,0.3,0.4,0.0,0.3,0.0,0.0,0.0,0.0,0.0,0.0,0.0,0.0,0.0,0.0,0.0,0.0,0.0,0.0,0.0,0.0,0.0,0.0,0.0,0.0,0.0,0.0,0.0,0.0,0.0
8126 PR ARANDELA C/SUP.INF.P/1L E27,56,4.3076923076923075,21.0,1,11,10.730769230769232,10,3.2757852845950133,13,4.0,2.0,4.0,0.0088,0.0769,0.3846,0.0,0.3077,0.0,0.0,0.0,0.0769,0.0,0.0769,0.0769,0.0,0.0,0.0,0.0,0.0,0.0,0.0,0.0,0.0,0.0,0.0,0.0,0.0,0.0,0.0,0.0,0.0,0.0
8127 BR ARANDELA C/SUP.SUP.P/1L E27,14,1.2727272727272727,4.0,1,2,0.21818181818181817,1,0.46709936649691375,11,1.0,1.0,1.5,0.0074,0.7273,0.2727,0.0,0.0,0.0,0.0,0.0,0.0,0.0,0.0,0.0,0.0,0.0,0.0,0.0,0.0,0.0,0.0,0.0,0.0,0.0,0.0,0.0,0.0,0.0,0.0,0.0,0.0,0.0
8127 PR ARANDELA C/SUP.INF.P/1L E27,77,3.347826086956522,22.0,1,14,13.328063241106719,13,3.6507620082808354,23,2.0,1.0,3.0,0.0155,0.3913,0.3043,0.087,0.0,0.0,0.0435,0.0,0.0435,0.0,0.087,0.0,0.0,0.0,0.0435,0.0,0.0,0.0,0.0,0.0,0.0,0.0,0.0,0.0,0.0,0.0,0.0,0.0,0.0,0.0
8131 PR ARANDELA C/SUP.INF.P 1 LAMP E27,1,1.0,,1,1,,0,,1,1.0,1.0,1.0,0.0007,1.0,0.0,0.0,0.0,0.0,0.0,0.0,0.0,0.0,0.0,0.0,0.0,0.0,0.0,0.0,0.0,0.0,0.0,0.0,0.0,0.0,0.0,0.0,0.0,0.0,0.0,0.0,0.0,0.0
8133 PR BALIZADOR P/1 LAMP E27,74,3.8947368421052633,29.0,1,23,25.766081871345033,22,5.076030129081685,19,2.0,1.0,4.5,0.0128,0.3684,0.1579,0.1579,0.0526,0.0526,0.1053,0.0,0.0526,0.0,0.0,0.0,0.0,0.0,0.0,0.0,0.0,0.0,0.0,0.0,0.0,0.0,0.0526,0.0,0.0,0.0,0.0,0.0,0.0,0.0
8135 PR POSTE P/2 LAMP E27,6,2.0,7.0,1,3,1.0,2,1.0,3,2.0,1.5,2.5,0.002,0.3333,0.3333,0.3333,0.0,0.0,0.0,0.0,0.0,0.0,0.0,0.0,0.0,0.0,0.0,0.0,0.0,0.0,0.0,0.0,0.0,0.0,0.0,0.0,0.0,0.0,0.0,0.0,0.0,0.0
8136 BR PENDENTE INJ P/1 LAMP E27 L/C,43,2.15,8.0,1,5,1.3973684210526318,4,1.1821033884786185,20,2.0,1.0,2.25,0.0135,0.3,0.45,0.15,0.0,0.1,0.0,0.0,0.0,0.0,0.0,0.0,0.0,0.0,0.0,0.0,0.0,0.0,0.0,0.0,0.0,0.0,0.0,0.0,0.0,0.0,0.0,0.0,0.0,0.0
8136 PR PENDENTE INJ P/1 LAMP E27 L/C,812,6.710743801652892,38.0,1,45,39.24063360881543,44,6.264234479073674,121,5.0,3.0,9.0,0.0816,0.0826,0.1488,0.124,0.0909,0.124,0.0496,0.0579,0.0413,0.0826,0.0165,0.0331,0.0413,0.0248,0.0,0.0248,0.0,0.0,0.0165,0.0,0.0083,0.0,0.0083,0.0,0.0,0.0083,0.0083,0.0,0.0,0.0083
8137 MR ARANDELA C/SUP.INF.P/1L E27 L/C,59,2.5652173913043477,14.0,1,11,5.347826086956522,10,2.312536721212557,23,2.0,1.0,2.0,0.0155,0.3043,0.4783,0.0435,0.0435,0.0,0.087,0.0,0.0,0.0,0.0,0.0435,0.0,0.0,0.0,0.0,0.0,0.0,0.0,0.0,0.0,0.0,0.0,0.0,0.0,0.0,0.0,0.0,0.0,0.0
8137 PR ARANDELA C/SUP.INF.P/1L E27 L/C,40,5.714285714285714,31.0,1,14,25.90476190476191,13,5.0896720822428145,7,3.0,2.0,9.0,0.0047,0.1429,0.2857,0.1429,0.0,0.0,0.0,0.1429,0.0,0.0,0.0,0.1429,0.0,0.0,0.1429,0.0,0.0,0.0,0.0,0.0,0.0,0.0,0.0,0.0,0.0,0.0,0.0,0.0,0.0,0.0
8140 BR PENDENTE P/1 LAMP E27 LENTE CRIS,5,1.25,4.0,1,2,0.25,1,0.5,4,1.0,1.0,1.25,0.0027,0.75,0.25,0.0,0.0,0.0,0.0,0.0,0.0,0.0,0.0,0.0,0.0,0.0,0.0,0.0,0.0,0.0,0.0,0.0,0.0,0.0,0.0,0.0,0.0,0.0,0.0,0.0,0.0,0.0
8140 PR PENDENTE P/1 LAMP E27 L/C,6,2.0,2.0,2,2,0.0,0,0.0,3,2.0,2.0,2.0,0.002,0.0,1.0,0.0,0.0,0.0,0.0,0.0,0.0,0.0,0.0,0.0,0.0,0.0,0.0,0.0,0.0,0.0,0.0,0.0,0.0,0.0,0.0,0.0,0.0,0.0,0.0,0.0,0.0,0.0
8140 PR PENDENTE P/1 LAMP E27 LENTE CRIS,63,4.2,21.0,1,14,11.171428571428573,13,3.3423687066852112,15,3.0,2.0,5.5,0.0101,0.0667,0.3333,0.2,0.0667,0.0667,0.1333,0.0,0.0667,0.0,0.0,0.0,0.0,0.0,0.0667,0.0,0.0,0.0,0.0,0.0,0.0,0.0,0.0,0.0,0.0,0.0,0.0,0.0,0.0,0.0
8141 BR ARAN SUP.INFERIOR LENTE CRISTAL,2,1.0,1.0,1,1,0.0,0,0.0,2,1.0,1.0,1.0,0.0013,1.0,0.0,0.0,0.0,0.0,0.0,0.0,0.0,0.0,0.0,0.0,0.0,0.0,0.0,0.0,0.0,0.0,0.0,0.0,0.0,0.0,0.0,0.0,0.0,0.0,0.0,0.0,0.0,0.0
8141 PR ARAN SUP.INFERIOR LENTE CRISTAL,13,1.8571428571428572,6.0,1,3,0.8095238095238096,2,0.8997354108424375,7,2.0,1.0,2.5,0.0047,0.4286,0.2857,0.2857,0.0,0.0,0.0,0.0,0.0,0.0,0.0,0.0,0.0,0.0,0.0,0.0,0.0,0.0,0.0,0.0,0.0,0.0,0.0,0.0,0.0,0.0,0.0,0.0,0.0,0.0
8142 PR ARAN SUP.SUPERIOR LENTE CRISTAL,8,1.6,8.0,1,4,1.8,3,1.3416407864998738,5,1.0,1.0,1.0,0.0034,0.8,0.0,0.0,0.2,0.0,0.0,0.0,0.0,0.0,0.0,0.0,0.0,0.0,0.0,0.0,0.0,0.0,0.0,0.0,0.0,0.0,0.0,0.0,0.0,0.0,0.0,0.0,0.0,0.0
8144 PR POSTE P/2 LAMP E27 LENTE CRISTAL,52,3.25,27.0,1,18,22.066666666666666,17,4.697517074654084,16,1.0,1.0,3.25,0.0108,0.625,0.0625,0.0625,0.125,0.0,0.0,0.0,0.0,0.0,0.0,0.0625,0.0,0.0,0.0,0.0,0.0,0.0,0.0625,0.0,0.0,0.0,0.0,0.0,0.0,0.0,0.0,0.0,0.0,0.0
8145 PR BALIZADOR P/1 LAMP E27 L/C,42,8.4,69.0,1,30,149.3,29,12.218837915284743,5,3.0,2.0,6.0,0.0034,0.2,0.2,0.2,0.0,0.0,0.2,0.0,0.0,0.0,0.0,0.0,0.0,0.0,0.0,0.0,0.0,0.0,0.0,0.0,0.0,0.0,0.0,0.0,0.0,0.0,0.0,0.2,0.0,0.0
8145 PR BALIZADOR P/1 LAMP E27 LENTE CRI,53,3.533333333333333,21.0,1,12,12.552380952380954,11,3.542933946940156,15,2.0,1.0,3.5,0.0101,0.3333,0.2667,0.1333,0.0667,0.0,0.0,0.0,0.0667,0.0,0.0667,0.0,0.0667,0.0,0.0,0.0,0.0,0.0,0.0,0.0,0.0,0.0,0.0,0.0,0.0,0.0,0.0,0.0,0.0,0.0
8147 PR BALIZADOR L/C P/JD/ MURO P/1L,87,3.782608695652174,24.0,1,14,16.723320158102766,13,4.089415625502348,23,2.0,2.0,3.0,0.0155,0.1739,0.5652,0.0,0.087,0.0,0.0,0.0,0.0,0.0,0.0435,0.0,0.0435,0.0435,0.0435,0.0,0.0,0.0,0.0,0.0,0.0,0.0,0.0,0.0,0.0,0.0,0.0,0.0,0.0,0.0
8148 BR POSTE C/TUBO AL P/1 LAMP 1 METRO,1,1.0,,1,1,,0,,1,1.0,1.0,1.0,0.0007,1.0,0.0,0.0,0.0,0.0,0.0,0.0,0.0,0.0,0.0,0.0,0.0,0.0,0.0,0.0,0.0,0.0,0.0,0.0,0.0,0.0,0.0,0.0,0.0,0.0,0.0,0.0,0.0,0.0
8148 PR POSTE C/TUBO AL P/1 LAMP 1 METRO,17,3.4,22.0,1,10,13.8,9,3.714835124201342,5,2.0,2.0,2.0,0.0034,0.2,0.6,0.0,0.0,0.0,0.0,0.0,0.0,0.0,0.2,0.0,0.0,0.0,0.0,0.0,0.0,0.0,0.0,0.0,0.0,0.0,0.0,0.0,0.0,0.0,0.0,0.0,0.0,0.0
8150 BR BALIZADOR L/F P/JD E MURO P/1LAM,28,2.8,13.0,1,8,4.4,7,2.0976176963403033,10,2.0,2.0,3.5,0.0067,0.2,0.5,0.0,0.2,0.0,0.0,0.0,0.1,0.0,0.0,0.0,0.0,0.0,0.0,0.0,0.0,0.0,0.0,0.0,0.0,0.0,0.0,0.0,0.0,0.0,0.0,0.0,0.0,0.0
8150 MR BALIZADOR L/F P/JD E MURO P/1LAM,4,1.3333333333333333,4.0,1,2,0.3333333333333333,1,0.5773502691896257,3,1.0,1.0,1.5,0.002,0.6667,0.3333,0.0,0.0,0.0,0.0,0.0,0.0,0.0,0.0,0.0,0.0,0.0,0.0,0.0,0.0,0.0,0.0,0.0,0.0,0.0,0.0,0.0,0.0,0.0,0.0,0.0,0.0,0.0
8150 PR BALIZADOR L/F P/JD E MURO P/1,28,2.3333333333333335,8.0,1,5,1.5151515151515154,4,1.2309149097933274,12,2.0,1.75,3.0,0.0081,0.25,0.4167,0.1667,0.0833,0.0833,0.0,0.0,0.0,0.0,0.0,0.0,0.0,0.0,0.0,0.0,0.0,0.0,0.0,0.0,0.0,0.0,0.0,0.0,0.0,0.0,0.0,0.0,0.0,0.0
8150 PR BALIZADOR L/F P/JD E MURO P/1LAM,78,3.7142857142857144,17.0,1,11,6.814285714285712,10,2.6104186856298957,21,3.0,2.0,4.0,0.0142,0.0952,0.2857,0.2381,0.1429,0.0952,0.0476,0.0,0.0,0.0,0.0476,0.0476,0.0,0.0,0.0,0.0,0.0,0.0,0.0,0.0,0.0,0.0,0.0,0.0,0.0,0.0,0.0,0.0,0.0,0.0
8151 BR BALIZADOR L/C P/JD E MURO P/1LAM,14,2.8,7.0,2,4,0.7,2,0.8366600265340756,5,3.0,2.0,3.0,0.0034,0.0,0.4,0.4,0.2,0.0,0.0,0.0,0.0,0.0,0.0,0.0,0.0,0.0,0.0,0.0,0.0,0.0,0.0,0.0,0.0,0.0,0.0,0.0,0.0,0.0,0.0,0.0,0.0,0.0
8151 MR BALIZADOR L/C P/JD E MURO P/1LAM,2,2.0,,2,2,,0,,1,2.0,2.0,2.0,0.0007,0.0,1.0,0.0,0.0,0.0,0.0,0.0,0.0,0.0,0.0,0.0,0.0,0.0,0.0,0.0,0.0,0.0,0.0,0.0,0.0,0.0,0.0,0.0,0.0,0.0,0.0,0.0,0.0,0.0
8151 PR BALIZADOR L/C P/JD E MURO P/1LAM,116,4.0,24.0,1,20,15.785714285714286,19,3.973123995763823,29,2.0,2.0,5.0,0.0196,0.1379,0.4483,0.0,0.1034,0.069,0.1379,0.0,0.0345,0.0,0.0,0.0,0.0345,0.0,0.0,0.0,0.0,0.0,0.0,0.0,0.0345,0.0,0.0,0.0,0.0,0.0,0.0,0.0,0.0,0.0
8151 PR BALIZADOR L/C P/JD MURO P/1L,47,3.6153846153846154,21.0,1,12,12.58974358974359,11,3.548202867613912,13,2.0,2.0,3.0,0.0088,0.2308,0.3846,0.1538,0.0,0.0,0.0769,0.0,0.0,0.0,0.0769,0.0,0.0769,0.0,0.0,0.0,0.0,0.0,0.0,0.0,0.0,0.0,0.0,0.0,0.0,0.0,0.0,0.0,0.0,0.0
8237 BR ARANDELA INJ P/ 1 LAMP,33,3.3,13.0,1,7,3.566666666666667,6,1.888562063228706,10,2.5,2.0,4.75,0.0067,0.1,0.4,0.1,0.1,0.2,0.0,0.1,0.0,0.0,0.0,0.0,0.0,0.0,0.0,0.0,0.0,0.0,0.0,0.0,0.0,0.0,0.0,0.0,0.0,0.0,0.0,0.0,0.0,0.0
8237 MR ARANDELA INJ P/ 1 LAMP,59,4.214285714285714,24.0,1,16,15.56593406593407,15,3.9453686856786994,14,3.0,2.0,4.0,0.0094,0.1429,0.2143,0.2143,0.2143,0.0714,0.0,0.0,0.0,0.0714,0.0,0.0,0.0,0.0,0.0,0.0,0.0714,0.0,0.0,0.0,0.0,0.0,0.0,0.0,0.0,0.0,0.0,0.0,0.0,0.0
8237 PR ARANDELA INJ P/ 1 LAMP,331,5.807017543859649,34.0,1,33,32.01566416040101,32,5.658238609355478,57,4.0,2.0,8.0,0.0385,0.0877,0.193,0.1754,0.1228,0.0877,0.0526,0.0175,0.0526,0.0351,0.0351,0.0526,0.0,0.0,0.0175,0.0,0.0175,0.0,0.0175,0.0,0.0175,0.0,0.0,0.0,0.0,0.0,0.0,0.0,0.0175,0.0
8239 BR TART.INJ P/1L C/ GRADE SEM FIO,9,9.0,,9,9,,0,,1,9.0,9.0,9.0,0.0007,0.0,0.0,0.0,0.0,0.0,0.0,0.0,0.0,1.0,0.0,0.0,0.0,0.0,0.0,0.0,0.0,0.0,0.0,0.0,0.0,0.0,0.0,0.0,0.0,0.0,0.0,0.0,0.0,0.0
8240 PR PROJETOR AL P/1 LAMP PAR 20/30/38,34,4.25,23.0,1,12,14.785714285714286,11,3.8452196667699345,8,3.0,1.75,5.0,0.0054,0.25,0.125,0.25,0.125,0.0,0.0,0.0,0.125,0.0,0.0,0.0,0.125,0.0,0.0,0.0,0.0,0.0,0.0,0.0,0.0,0.0,0.0,0.0,0.0,0.0,0.0,0.0,0.0,0.0
8243 PR PROJ INJ P/ 1 LA PAR 20/30/38,33,11.0,54.0,2,19,73.0,17,8.54400374531753,3,12.0,7.0,15.5,0.002,0.0,0.3333,0.0,0.0,0.0,0.0,0.0,0.0,0.0,0.0,0.0,0.3333,0.0,0.0,0.0,0.0,0.0,0.0,0.3333,0.0,0.0,0.0,0.0,0.0,0.0,0.0,0.0,0.0,0.0
8243 PR PROJ INJ P/ 1 LAMP PAR 20/30/38,51,3.1875,13.0,1,7,3.6291666666666673,6,1.905037182489273,16,3.0,1.75,4.25,0.0108,0.25,0.1875,0.125,0.1875,0.125,0.0625,0.0625,0.0,0.0,0.0,0.0,0.0,0.0,0.0,0.0,0.0,0.0,0.0,0.0,0.0,0.0,0.0,0.0,0.0,0.0,0.0,0.0,0.0,0.0
8244 BR ARANDELA P/1LAMP E27 LENTE TRANS,32,4.0,22.0,1,12,12.571428571428571,11,3.5456210417116734,8,2.5,2.0,5.0,0.0054,0.125,0.375,0.125,0.0,0.25,0.0,0.0,0.0,0.0,0.0,0.0,0.125,0.0,0.0,0.0,0.0,0.0,0.0,0.0,0.0,0.0,0.0,0.0,0.0,0.0,0.0,0.0,0.0,0.0
8244 MR ARANDELA P/1LAMP E27 LENTE TRANS,6,2.0,2.0,2,2,0.0,0,0.0,3,2.0,2.0,2.0,0.002,0.0,1.0,0.0,0.0,0.0,0.0,0.0,0.0,0.0,0.0,0.0,0.0,0.0,0.0,0.0,0.0,0.0,0.0,0.0,0.0,0.0,0.0,0.0,0.0,0.0,0.0,0.0,0.0,0.0
8244 PR ARANDELA P/1LAMP E27 LENTE TR,30,4.285714285714286,24.0,1,12,15.904761904761905,11,3.9880774697543058,7,3.0,1.5,5.5,0.0047,0.2857,0.1429,0.1429,0.1429,0.0,0.0,0.1429,0.0,0.0,0.0,0.0,0.1429,0.0,0.0,0.0,0.0,0.0,0.0,0.0,0.0,0.0,0.0,0.0,0.0,0.0,0.0,0.0,0.0,0.0
8244 PR ARANDELA P/1LAMP E27 LENTE TRANS,52,3.0588235294117645,15.0,1,8,5.5588235294117645,7,2.357715743980127,17,2.0,1.0,4.0,0.0115,0.2941,0.2941,0.1176,0.0588,0.0588,0.0588,0.0,0.1176,0.0,0.0,0.0,0.0,0.0,0.0,0.0,0.0,0.0,0.0,0.0,0.0,0.0,0.0,0.0,0.0,0.0,0.0,0.0,0.0,0.0
8280 BR PENDENTE INJ EM TEMOPLAS,2,1.0,1.0,1,1,0.0,0,0.0,2,1.0,1.0,1.0,0.0013,1.0,0.0,0.0,0.0,0.0,0.0,0.0,0.0,0.0,0.0,0.0,0.0,0.0,0.0,0.0,0.0,0.0,0.0,0.0,0.0,0.0,0.0,0.0,0.0,0.0,0.0,0.0,0.0,0.0
8311/1 BR PENDENTE INJ P/1 LAMP,3,1.0,1.0,1,1,0.0,0,0.0,3,1.0,1.0,1.0,0.002,1.0,0.0,0.0,0.0,0.0,0.0,0.0,0.0,0.0,0.0,0.0,0.0,0.0,0.0,0.0,0.0,0.0,0.0,0.0,0.0,0.0,0.0,0.0,0.0,0.0,0.0,0.0,0.0,0.0
8320 BR ARANDELA REDONDA INJ P/ 1 LAMP,47,2.35,13.0,1,9,4.765789473684211,8,2.1830688201896455,20,2.0,1.0,2.0,0.0135,0.35,0.5,0.05,0.0,0.0,0.0,0.0,0.05,0.05,0.0,0.0,0.0,0.0,0.0,0.0,0.0,0.0,0.0,0.0,0.0,0.0,0.0,0.0,0.0,0.0,0.0,0.0,0.0,0.0
8320 MR ARANDELA REDONDA INJ P/ 1 LAMP,13,3.25,11.0,2,5,2.2499999999999996,3,1.4999999999999998,4,3.0,2.0,4.25,0.0027,0.0,0.5,0.0,0.25,0.25,0.0,0.0,0.0,0.0,0.0,0.0,0.0,0.0,0.0,0.0,0.0,0.0,0.0,0.0,0.0,0.0,0.0,0.0,0.0,0.0,0.0,0.0,0.0,0.0
8320 PR ARANDELA REDONDA INJ P/ 1 LAMP,120,3.75,26.0,1,25,19.677419354838708,24,4.435923731855487,32,2.0,2.0,5.0,0.0216,0.2188,0.3438,0.0625,0.0938,0.1562,0.0625,0.0,0.0,0.0,0.0,0.0312,0.0,0.0,0.0,0.0,0.0,0.0,0.0,0.0,0.0,0.0,0.0,0.0,0.0312,0.0,0.0,0.0,0.0,0.0
8323 PR ARANDELA P/1 LAMP E27 LENTE TRAN,16,4.0,31.0,1,12,28.666666666666668,11,5.354126134736337,4,1.5,1.0,4.5,0.0027,0.5,0.25,0.0,0.0,0.0,0.0,0.0,0.0,0.0,0.0,0.0,0.25,0.0,0.0,0.0,0.0,0.0,0.0,0.0,0.0,0.0,0.0,0.0,0.0,0.0,0.0,0.0,0.0,0.0
8329 PR ARANDELA INJ P/1 LAMP SUP C/ PIN,11,2.75,8.0,2,4,0.9166666666666666,2,0.9574271077563381,4,2.5,2.0,3.25,0.0027,0.0,0.5,0.25,0.25,0.0,0.0,0.0,0.0,0.0,0.0,0.0,0.0,0.0,0.0,0.0,0.0,0.0,0.0,0.0,0.0,0.0,0.0,0.0,0.0,0.0,0.0,0.0,0.0,0.0
8331 PR ARANDELA INJ P/ 1 LAMP,1,1.0,,1,1,,0,,1,1.0,1.0,1.0,0.0007,1.0,0.0,0.0,0.0,0.0,0.0,0.0,0.0,0.0,0.0,0.0,0.0,0.0,0.0,0.0,0.0,0.0,0.0,0.0,0.0,0.0,0.0,0.0,0.0,0.0,0.0,0.0,0.0,0.0
8335 PR PENDENTE INJ P/ 1 LAMP ASPEN,1,1.0,,1,1,,0,,1,1.0,1.0,1.0,0.0007,1.0,0.0,0.0,0.0,0.0,0.0,0.0,0.0,0.0,0.0,0.0,0.0,0.0,0.0,0.0,0.0,0.0,0.0,0.0,0.0,0.0,0.0,0.0,0.0,0.0,0.0,0.0,0.0,0.0
8337 PR PENDENTE INJ P/1 LAMP E27,57,3.8,12.0,1,6,2.6,5,1.61245154965971,15,4.0,2.5,5.0,0.0101,0.0667,0.2,0.2,0.0667,0.3333,0.1333,0.0,0.0,0.0,0.0,0.0,0.0,0.0,0.0,0.0,0.0,0.0,0.0,0.0,0.0,0.0,0.0,0.0,0.0,0.0,0.0,0.0,0.0,0.0
8338 BR ARANDELA INJ P/ 1 LAMP E27,3,3.0,,3,3,,0,,1,3.0,3.0,3.0,0.0007,0.0,0.0,1.0,0.0,0.0,0.0,0.0,0.0,0.0,0.0,0.0,0.0,0.0,0.0,0.0,0.0,0.0,0.0,0.0,0.0,0.0,0.0,0.0,0.0,0.0,0.0,0.0,0.0,0.0
8338 MR ARANDELA INJ P/ 1 LAMP E27,10,10.0,,10,10,,0,,1,10.0,10.0,10.0,0.0007,0.0,0.0,0.0,0.0,0.0,0.0,0.0,0.0,0.0,1.0,0.0,0.0,0.0,0.0,0.0,0.0,0.0,0.0,0.0,0.0,0.0,0.0,0.0,0.0,0.0,0.0,0.0,0.0,0.0
8338 PR ARANDELA INJ P/ 1 LAMP E27,38,7.6,36.0,1,16,32.3,15,5.683308895353129,5,6.0,5.0,10.0,0.0034,0.2,0.0,0.0,0.0,0.2,0.2,0.0,0.0,0.0,0.2,0.0,0.0,0.0,0.0,0.0,0.2,0.0,0.0,0.0,0.0,0.0,0.0,0.0,0.0,0.0,0.0,0.0,0.0,0.0
8338 PR ARANDELA INJ P/1 LAMP E27,4,1.3333333333333333,4.0,1,2,0.3333333333333333,1,0.5773502691896257,3,1.0,1.0,1.5,0.002,0.6667,0.3333,0.0,0.0,0.0,0.0,0.0,0.0,0.0,0.0,0.0,0.0,0.0,0.0,0.0,0.0,0.0,0.0,0.0,0.0,0.0,0.0,0.0,0.0,0.0,0.0,0.0,0.0,0.0
8340 PR PENDENTE INJ P/ 1 LAMP,8,2.6666666666666665,17.0,1,6,8.333333333333332,5,2.8867513459481287,3,1.0,1.0,3.5,0.002,0.6667,0.0,0.0,0.0,0.0,0.3333,0.0,0.0,0.0,0.0,0.0,0.0,0.0,0.0,0.0,0.0,0.0,0.0,0.0,0.0,0.0,0.0,0.0,0.0,0.0,0.0,0.0,0.0,0.0
8341 BR ARANDELA INJ P/ 1 LAMP,72,3.0,19.0,1,16,10.17391304347826,15,3.1896571984271693,24,2.0,1.75,3.0,0.0162,0.25,0.4167,0.125,0.0833,0.0417,0.0,0.0,0.0417,0.0,0.0,0.0,0.0,0.0,0.0,0.0,0.0417,0.0,0.0,0.0,0.0,0.0,0.0,0.0,0.0,0.0,0.0,0.0,0.0,0.0
8341 MR ARANDELA INJ P/ 1 LAMP,79,2.925925925925926,15.0,1,11,5.455840455840455,10,2.3357740592446983,27,2.0,2.0,3.0,0.0182,0.2222,0.3704,0.1852,0.1111,0.0,0.0,0.037,0.037,0.0,0.0,0.037,0.0,0.0,0.0,0.0,0.0,0.0,0.0,0.0,0.0,0.0,0.0,0.0,0.0,0.0,0.0,0.0,0.0,0.0
8341 PR ARANDELA INJ P/ 1 LAMP,45,3.2142857142857144,17.0,1,9,7.258241758241758,8,2.6941124249447643,14,2.0,1.0,5.5,0.0094,0.3571,0.2857,0.0,0.0714,0.0,0.1429,0.0714,0.0,0.0714,0.0,0.0,0.0,0.0,0.0,0.0,0.0,0.0,0.0,0.0,0.0,0.0,0.0,0.0,0.0,0.0,0.0,0.0,0.0,0.0
8343 MR ARANDELA INJ P/ 1 LAMP,3,3.0,,3,3,,0,,1,3.0,3.0,3.0,0.0007,0.0,0.0,1.0,0.0,0.0,0.0,0.0,0.0,0.0,0.0,0.0,0.0,0.0,0.0,0.0,0.0,0.0,0.0,0.0,0.0,0.0,0.0,0.0,0.0,0.0,0.0,0.0,0.0,0.0
8343 PR ARANDELA INJ P/ 1 LAMP,4,4.0,,4,4,,0,,1,4.0,4.0,4.0,0.0007,0.0,0.0,0.0,1.0,0.0,0.0,0.0,0.0,0.0,0.0,0.0,0.0,0.0,0.0,0.0,0.0,0.0,0.0,0.0,0.0,0.0,0.0,0.0,0.0,0.0,0.0,0.0,0.0,0.0
8350 BR MINI TARTA P/1 LAMP S/ GRADE,3,3.0,,3,3,,0,,1,3.0,3.0,3.0,0.0007,0.0,0.0,1.0,0.0,0.0,0.0,0.0,0.0,0.0,0.0,0.0,0.0,0.0,0.0,0.0,0.0,0.0,0.0,0.0,0.0,0.0,0.0,0.0,0.0,0.0,0.0,0.0,0.0,0.0
8350 PR MINI TARTA P/1 LAMP S/ GRADE,2,1.0,1.0,1,1,0.0,0,0.0,2,1.0,1.0,1.0,0.0013,1.0,0.0,0.0,0.0,0.0,0.0,0.0,0.0,0.0,0.0,0.0,0.0,0.0,0.0,0.0,0.0,0.0,0.0,0.0,0.0,0.0,0.0,0.0,0.0,0.0,0.0,0.0,0.0,0.0
8351 BR MINI TARTA P/1 LAMP C/ GRADE,11,5.5,37.0,1,10,40.5,9,6.363961030678928,2,5.5,3.25,7.75,0.0013,0.5,0.0,0.0,0.0,0.0,0.0,0.0,0.0,0.0,0.5,0.0,0.0,0.0,0.0,0.0,0.0,0.0,0.0,0.0,0.0,0.0,0.0,0.0,0.0,0.0,0.0,0.0,0.0,0.0
8351 PR MINI TARTA P/1 LAMP C/ GRADE,6,2.0,7.0,1,3,1.0,2,1.0,3,2.0,1.5,2.5,0.002,0.3333,0.3333,0.3333,0.0,0.0,0.0,0.0,0.0,0.0,0.0,0.0,0.0,0.0,0.0,0.0,0.0,0.0,0.0,0.0,0.0,0.0,0.0,0.0,0.0,0.0,0.0,0.0,0.0,0.0
8382 PR PENDENTE INJ P/ 1 LAMP C/ PINHAO,2,2.0,,2,2,,0,,1,2.0,2.0,2.0,0.0007,0.0,1.0,0.0,0.0,0.0,0.0,0.0,0.0,0.0,0.0,0.0,0.0,0.0,0.0,0.0,0.0,0.0,0.0,0.0,0.0,0.0,0.0,0.0,0.0,0.0,0.0,0.0,0.0,0.0
8383 BR ARANDELA INJ P/1 LAMP INF C/ PIN,4,2.0,2.0,2,2,0.0,0,0.0,2,2.0,2.0,2.0,0.0013,0.0,1.0,0.0,0.0,0.0,0.0,0.0,0.0,0.0,0.0,0.0,0.0,0.0,0.0,0.0,0.0,0.0,0.0,0.0,0.0,0.0,0.0,0.0,0.0,0.0,0.0,0.0,0.0,0.0
8383 MR ARANDELA INJ P/1 LAMP INF C/PIN,1,1.0,,1,1,,0,,1,1.0,1.0,1.0,0.0007,1.0,0.0,0.0,0.0,0.0,0.0,0.0,0.0,0.0,0.0,0.0,0.0,0.0,0.0,0.0,0.0,0.0,0.0,0.0,0.0,0.0,0.0,0.0,0.0,0.0,0.0,0.0,0.0,0.0
8383 PR ARANDELA INJ P/1 LAMP INF C/ PIN,8,2.6666666666666665,13.0,1,5,4.333333333333333,4,2.0816659994661326,3,2.0,1.5,3.5,0.002,0.3333,0.3333,0.0,0.0,0.3333,0.0,0.0,0.0,0.0,0.0,0.0,0.0,0.0,0.0,0.0,0.0,0.0,0.0,0.0,0.0,0.0,0.0,0.0,0.0,0.0,0.0,0.0,0.0,0.0
8384 BR ARANDELA INJ P/1 LAMP SUP C/ PIN,3,1.5,5.0,1,2,0.5,1,0.7071067811865476,2,1.5,1.25,1.75,0.0013,0.5,0.5,0.0,0.0,0.0,0.0,0.0,0.0,0.0,0.0,0.0,0.0,0.0,0.0,0.0,0.0,0.0,0.0,0.0,0.0,0.0,0.0,0.0,0.0,0.0,0.0,0.0,0.0,0.0
8384 MR ARANDELA INJ P/1 LAMP SUP C/PIN,10,10.0,,10,10,,0,,1,10.0,10.0,10.0,0.0007,0.0,0.0,0.0,0.0,0.0,0.0,0.0,0.0,0.0,1.0,0.0,0.0,0.0,0.0,0.0,0.0,0.0,0.0,0.0,0.0,0.0,0.0,0.0,0.0,0.0,0.0,0.0,0.0,0.0
8384 PR ARANDELA INJ P/1 LAMP SUP C/ PIN,50,3.3333333333333335,21.0,1,15,13.095238095238097,14,3.61873432227873,15,2.0,1.5,3.5,0.0101,0.2667,0.4,0.0667,0.0667,0.0,0.1333,0.0,0.0,0.0,0.0,0.0,0.0,0.0,0.0,0.0667,0.0,0.0,0.0,0.0,0.0,0.0,0.0,0.0,0.0,0.0,0.0,0.0,0.0,0.0
8384 PR ARANDELA INJ P/1 LAMP SUP C/P,29,4.833333333333333,36.0,1,17,38.96666666666666,16,6.242328625334192,6,2.0,1.25,5.0,0.004,0.3333,0.3333,0.0,0.0,0.0,0.1667,0.0,0.0,0.0,0.0,0.0,0.0,0.0,0.0,0.0,0.0,0.1667,0.0,0.0,0.0,0.0,0.0,0.0,0.0,0.0,0.0,0.0,0.0,0.0
8385 BR BALIZADOR INJ P/1 LAMP,16,5.333333333333333,31.0,1,11,26.333333333333336,10,5.131601439446884,3,4.0,2.5,7.5,0.002,0.3333,0.0,0.0,0.3333,0.0,0.0,0.0,0.0,0.0,0.0,0.3333,0.0,0.0,0.0,0.0,0.0,0.0,0.0,0.0,0.0,0.0,0.0,0.0,0.0,0.0,0.0,0.0,0.0,0.0
8385 MR BALIZADOR INJ P/1 LAMP,25,2.7777777777777777,13.0,1,6,4.444444444444445,5,2.1081851067789197,9,2.0,1.0,4.0,0.0061,0.4444,0.1111,0.1111,0.1111,0.0,0.2222,0.0,0.0,0.0,0.0,0.0,0.0,0.0,0.0,0.0,0.0,0.0,0.0,0.0,0.0,0.0,0.0,0.0,0.0,0.0,0.0,0.0,0.0,0.0
8385 PR BALIZADOR INJ P/1 LAMP,77,4.8125,34.0,1,24,34.9625,23,5.912909605262032,16,3.0,1.75,4.5,0.0108,0.25,0.1875,0.1875,0.125,0.0,0.0625,0.0,0.0625,0.0,0.0,0.0,0.0625,0.0,0.0,0.0,0.0,0.0,0.0,0.0,0.0,0.0,0.0,0.0625,0.0,0.0,0.0,0.0,0.0,0.0
8394 BR/LC ARANDELA INJ P/1LAMP SACO PLA,13,6.5,10.0,6,7,0.5,1,0.7071067811865476,2,6.5,6.25,6.75,0.0013,0.0,0.0,0.0,0.0,0.0,0.5,0.5,0.0,0.0,0.0,0.0,0.0,0.0,0.0,0.0,0.0,0.0,0.0,0.0,0.0,0.0,0.0,0.0,0.0,0.0,0.0,0.0,0.0,0.0
8394 PR/LC ARANDELA INJ P/1 LAMP SACO PL,79,7.181818181818182,47.0,1,24,63.963636363636375,23,7.9977269498049495,11,4.0,1.5,10.0,0.0074,0.2727,0.0909,0.0909,0.0909,0.1818,0.0,0.0,0.0,0.0,0.0,0.0,0.0,0.0,0.0,0.0909,0.0,0.0,0.0909,0.0,0.0,0.0,0.0,0.0909,0.0,0.0,0.0,0.0,0.0,0.0
8395 BR/LC ARANDELA INJ P/1 LAMP SACO PL,5,2.5,13.0,1,4,4.5,3,2.1213203435596424,2,2.5,1.75,3.25,0.0013,0.5,0.0,0.0,0.5,0.0,0.0,0.0,0.0,0.0,0.0,0.0,0.0,0.0,0.0,0.0,0.0,0.0,0.0,0.0,0.0,0.0,0.0,0.0,0.0,0.0,0.0,0.0,0.0,0.0
8395 PR/LC ARANDELA INJ P/1 LAMP SACO PL,5,2.5,13.0,1,4,4.5,3,2.1213203435596424,2,2.5,1.75,3.25,0.0013,0.5,0.0,0.0,0.5,0.0,0.0,0.0,0.0,0.0,0.0,0.0,0.0,0.0,0.0,0.0,0.0,0.0,0.0,0.0,0.0,0.0,0.0,0.0,0.0,0.0,0.0,0.0,0.0,0.0
8397 BR/LC ARANDELA INJ P/1 LAMP SACO PL,3,3.0,,3,3,,0,,1,3.0,3.0,3.0,0.0007,0.0,0.0,1.0,0.0,0.0,0.0,0.0,0.0,0.0,0.0,0.0,0.0,0.0,0.0,0.0,0.0,0.0,0.0,0.0,0.0,0.0,0.0,0.0,0.0,0.0,0.0,0.0,0.0,0.0
8397 PR/LC ARANDELA INJ P/1 LAMP SACO PLA,4,4.0,,4,4,,0,,1,4.0,4.0,4.0,0.0007,0.0,0.0,0.0,1.0,0.0,0.0,0.0,0.0,0.0,0.0,0.0,0.0,0.0,0.0,0.0,0.0,0.0,0.0,0.0,0.0,0.0,0.0,0.0,0.0,0.0,0.0,0.0,0.0,0.0
8426 BR BALIZADOR P/JD E MURO P/1 LAMP,7,2.3333333333333335,10.0,1,4,2.3333333333333335,3,1.5275252316519468,3,2.0,1.5,3.0,0.002,0.3333,0.3333,0.0,0.3333,0.0,0.0,0.0,0.0,0.0,0.0,0.0,0.0,0.0,0.0,0.0,0.0,0.0,0.0,0.0,0.0,0.0,0.0,0.0,0.0,0.0,0.0,0.0,0.0,0.0
8426 MR BALIZADOR P/JD E MURO P/1 LAMP,2,2.0,,2,2,,0,,1,2.0,2.0,2.0,0.0007,0.0,1.0,0.0,0.0,0.0,0.0,0.0,0.0,0.0,0.0,0.0,0.0,0.0,0.0,0.0,0.0,0.0,0.0,0.0,0.0,0.0,0.0,0.0,0.0,0.0,0.0,0.0,0.0,0.0
8426 PR BALIZADOR P/JD E MURO P/1 LAMP,161,5.551724137931035,34.0,1,22,33.327586206896555,21,5.773004954691842,29,3.0,2.0,7.0,0.0196,0.2069,0.2069,0.1034,0.1379,0.0,0.069,0.0345,0.069,0.0,0.0,0.0345,0.0,0.0,0.0345,0.0,0.0345,0.0,0.0,0.0,0.0345,0.0345,0.0,0.0,0.0,0.0,0.0,0.0,0.0,0.0
8428 BR ARANDELA C/SUP.INF.P/1L E27,39,2.7857142857142856,14.0,1,10,5.412087912087912,9,2.3263894583856572,14,2.0,2.0,2.0,0.0094,0.1429,0.6429,0.0,0.0714,0.0714,0.0,0.0,0.0,0.0,0.0714,0.0,0.0,0.0,0.0,0.0,0.0,0.0,0.0,0.0,0.0,0.0,0.0,0.0,0.0,0.0,0.0,0.0,0.0,0.0
8428 MR ARANDELA C/SUP.INF.P/1L E27,59,2.6818181818181817,13.0,1,10,4.227272727272727,9,2.0560332505270256,22,2.0,1.25,3.0,0.0148,0.2727,0.3182,0.2273,0.0909,0.0,0.0455,0.0,0.0,0.0,0.0455,0.0,0.0,0.0,0.0,0.0,0.0,0.0,0.0,0.0,0.0,0.0,0.0,0.0,0.0,0.0,0.0,0.0,0.0,0.0
8428 PR ARANDELA C/SUP.INF.P/1L E27,87,4.142857142857143,19.0,1,13,8.928571428571427,12,2.988071523335984,21,4.0,2.0,4.0,0.0142,0.0952,0.1905,0.1429,0.4286,0.0,0.0,0.0,0.0,0.0476,0.0476,0.0,0.0,0.0476,0.0,0.0,0.0,0.0,0.0,0.0,0.0,0.0,0.0,0.0,0.0,0.0,0.0,0.0,0.0,0.0
8429 BR ARANDELA C/SUP.SUP.P/1L E27,2,2.0,,2,2,,0,,1,2.0,2.0,2.0,0.0007,0.0,1.0,0.0,0.0,0.0,0.0,0.0,0.0,0.0,0.0,0.0,0.0,0.0,0.0,0.0,0.0,0.0,0.0,0.0,0.0,0.0,0.0,0.0,0.0,0.0,0.0,0.0,0.0,0.0
8429 MR ARANDELA C/SUP.SUP.P/1L E27,31,4.428571428571429,18.0,2,9,7.285714285714286,7,2.699206232527312,7,4.0,2.0,6.0,0.0047,0.0,0.4286,0.0,0.1429,0.0,0.2857,0.0,0.0,0.1429,0.0,0.0,0.0,0.0,0.0,0.0,0.0,0.0,0.0,0.0,0.0,0.0,0.0,0.0,0.0,0.0,0.0,0.0,0.0,0.0
8429 PR ARANDELA C/SUP.SUP.P/1L E27,45,2.25,10.0,1,6,2.3026315789473686,5,1.51744244666721,20,2.0,1.0,3.0,0.0135,0.4,0.3,0.15,0.0,0.1,0.05,0.0,0.0,0.0,0.0,0.0,0.0,0.0,0.0,0.0,0.0,0.0,0.0,0.0,0.0,0.0,0.0,0.0,0.0,0.0,0.0,0.0,0.0,0.0
8431 BR ARANDELA INJ P/ 1 LAMP C/SUP INF,1,1.0,,1,1,,0,,1,1.0,1.0,1.0,0.0007,1.0,0.0,0.0,0.0,0.0,0.0,0.0,0.0,0.0,0.0,0.0,0.0,0.0,0.0,0.0,0.0,0.0,0.0,0.0,0.0,0.0,0.0,0.0,0.0,0.0,0.0,0.0,0.0,0.0
8431 PR ARANDELA INJ P/ 1 LAMP C/SUP INF,2,1.0,1.0,1,1,0.0,0,0.0,2,1.0,1.0,1.0,0.0013,1.0,0.0,0.0,0.0,0.0,0.0,0.0,0.0,0.0,0.0,0.0,0.0,0.0,0.0,0.0,0.0,0.0,0.0,0.0,0.0,0.0,0.0,0.0,0.0,0.0,0.0,0.0,0.0,0.0
8433 PR BALIZADOR INJ P/1 LAMP,1,1.0,,1,1,,0,,1,1.0,1.0,1.0,0.0007,1.0,0.0,0.0,0.0,0.0,0.0,0.0,0.0,0.0,0.0,0.0,0.0,0.0,0.0,0.0,0.0,0.0,0.0,0.0,0.0,0.0,0.0,0.0,0.0,0.0,0.0,0.0,0.0,0.0
8440 PR ARANDELA GR INJ P/2 LAMP SAN DIEGO,4,4.0,,4,4,,0,,1,4.0,4.0,4.0,0.0007,0.0,0.0,0.0,1.0,0.0,0.0,0.0,0.0,0.0,0.0,0.0,0.0,0.0,0.0,0.0,0.0,0.0,0.0,0.0,0.0,0.0,0.0,0.0,0.0,0.0,0.0,0.0,0.0,0.0
8441 BR/LL ARANDELA PQ INJ P/1LAM SAN DIEGO,10,10.0,,10,10,,0,,1,10.0,10.0,10.0,0.0007,0.0,0.0,0.0,0.0,0.0,0.0,0.0,0.0,0.0,1.0,0.0,0.0,0.0,0.0,0.0,0.0,0.0,0.0,0.0,0.0,0.0,0.0,0.0,0.0,0.0,0.0,0.0,0.0,0.0
8441 MR/LL ARANDELA PQ INJ P/1LAM SAN DIEGO,5,5.0,,5,5,,0,,1,5.0,5.0,5.0,0.0007,0.0,0.0,0.0,0.0,1.0,0.0,0.0,0.0,0.0,0.0,0.0,0.0,0.0,0.0,0.0,0.0,0.0,0.0,0.0,0.0,0.0,0.0,0.0,0.0,0.0,0.0,0.0,0.0,0.0
8800 BRANCO ARANDELA INJETADA P/1LAMP G9,4,4.0,,4,4,,0,,1,4.0,4.0,4.0,0.0007,0.0,0.0,0.0,1.0,0.0,0.0,0.0,0.0,0.0,0.0,0.0,0.0,0.0,0.0,0.0,0.0,0.0,0.0,0.0,0.0,0.0,0.0,0.0,0.0,0.0,0.0,0.0,0.0,0.0
8800 PRETA ARANDELA INJETADA P/1LAMP G9,28,14.0,92.0,3,25,242.0,22,15.556349186104045,2,14.0,8.5,19.5,0.0013,0.0,0.0,0.5,0.0,0.0,0.0,0.0,0.0,0.0,0.0,0.0,0.0,0.0,0.0,0.0,0.0,0.0,0.0,0.0,0.0,0.0,0.0,0.0,0.5,0.0,0.0,0.0,0.0,0.0
8801 PRETA ARANDELA INJETADA P/1LAMP G9,4,4.0,,4,4,,0,,1,4.0,4.0,4.0,0.0007,0.0,0.0,0.0,1.0,0.0,0.0,0.0,0.0,0.0,0.0,0.0,0.0,0.0,0.0,0.0,0.0,0.0,0.0,0.0,0.0,0.0,0.0,0.0,0.0,0.0,0.0,0.0,0.0,0.0
8802 MARROM ARANDELA INJETADA P/1LAMP G9,6,6.0,,6,6,,0,,1,6.0,6.0,6.0,0.0007,0.0,0.0,0.0,0.0,0.0,1.0,0.0,0.0,0.0,0.0,0.0,0.0,0.0,0.0,0.0,0.0,0.0,0.0,0.0,0.0,0.0,0.0,0.0,0.0,0.0,0.0,0.0,0.0,0.0
8830 BR SPOT DE SOBREPOR QUAD.MR16/GU10,4,4.0,,4,4,,0,,1,4.0,4.0,4.0,0.0007,0.0,0.0,0.0,1.0,0.0,0.0,0.0,0.0,0.0,0.0,0.0,0.0,0.0,0.0,0.0,0.0,0.0,0.0,0.0,0.0,0.0,0.0,0.0,0.0,0.0,0.0,0.0,0.0,0.0
8830 PR SPOT DE SOBREPOR QUAD.MR16/GU10,1,1.0,,1,1,,0,,1,1.0,1.0,1.0,0.0007,1.0,0.0,0.0,0.0,0.0,0.0,0.0,0.0,0.0,0.0,0.0,0.0,0.0,0.0,0.0,0.0,0.0,0.0,0.0,0.0,0.0,0.0,0.0,0.0,0.0,0.0,0.0,0.0,0.0
8831 MR SPOT DE SOBREPOR RED.MR16/GU10,6,6.0,,6,6,,0,,1,6.0,6.0,6.0,0.0007,0.0,0.0,0.0,0.0,0.0,1.0,0.0,0.0,0.0,0.0,0.0,0.0,0.0,0.0,0.0,0.0,0.0,0.0,0.0,0.0,0.0,0.0,0.0,0.0,0.0,0.0,0.0,0.0,0.0
8831 PR SPOT DE SOBREPOR RED.MR16/GU10,20,5.0,22.0,2,10,12.0,8,3.4641016151377544,4,4.0,3.5,5.5,0.0027,0.0,0.25,0.0,0.5,0.0,0.0,0.0,0.0,0.0,0.25,0.0,0.0,0.0,0.0,0.0,0.0,0.0,0.0,0.0,0.0,0.0,0.0,0.0,0.0,0.0,0.0,0.0,0.0,0.0
8832 BR SPOT DE SOBREPOR QUAD.MR16/GU10,5,5.0,,5,5,,0,,1,5.0,5.0,5.0,0.0007,0.0,0.0,0.0,0.0,1.0,0.0,0.0,0.0,0.0,0.0,0.0,0.0,0.0,0.0,0.0,0.0,0.0,0.0,0.0,0.0,0.0,0.0,0.0,0.0,0.0,0.0,0.0,0.0,0.0
8832 MR SPOT DE SOBREPOR QUAD.MR16/GU10,12,12.0,,12,12,,0,,1,12.0,12.0,12.0,0.0007,0.0,0.0,0.0,0.0,0.0,0.0,0.0,0.0,0.0,0.0,0.0,1.0,0.0,0.0,0.0,0.0,0.0,0.0,0.0,0.0,0.0,0.0,0.0,0.0,0.0,0.0,0.0,0.0,0.0
8832 PR SPOT DE SOBREPOR QUAD.MR16/GU10,1,1.0,,1,1,,0,,1,1.0,1.0,1.0,0.0007,1.0,0.0,0.0,0.0,0.0,0.0,0.0,0.0,0.0,0.0,0.0,0.0,0.0,0.0,0.0,0.0,0.0,0.0,0.0,0.0,0.0,0.0,0.0,0.0,0.0,0.0,0.0,0.0,0.0
8833 BR SPOT DE SOBREPOR RED.MR16/GU10,11,5.5,23.0,3,8,12.5,5,3.5355339059327378,2,5.5,4.25,6.75,0.0013,0.0,0.0,0.5,0.0,0.0,0.0,0.0,0.5,0.0,0.0,0.0,0.0,0.0,0.0,0.0,0.0,0.0,0.0,0.0,0.0,0.0,0.0,0.0,0.0,0.0,0.0,0.0,0.0,0.0
8833 MR SPOT DE SOBREPOR RED.MR16/GU10,28,3.5,12.0,1,6,2.857142857142857,5,1.6903085094570331,8,4.0,3.25,4.0,0.0054,0.25,0.0,0.0,0.625,0.0,0.125,0.0,0.0,0.0,0.0,0.0,0.0,0.0,0.0,0.0,0.0,0.0,0.0,0.0,0.0,0.0,0.0,0.0,0.0,0.0,0.0,0.0,0.0,0.0
8833 PR SPOT DE SOBREPOR RED.MR16/GU10,22,5.5,31.0,2,13,25.666666666666668,11,5.066228051190222,4,3.5,2.75,6.25,0.0027,0.0,0.25,0.25,0.25,0.0,0.0,0.0,0.0,0.0,0.0,0.0,0.0,0.25,0.0,0.0,0.0,0.0,0.0,0.0,0.0,0.0,0.0,0.0,0.0,0.0,0.0,0.0,0.0,0.0
8834 PR SPOT DE SOBREPOR QUA. E27-PAR 20,45,9.0,57.0,1,25,90.5,24,9.513148795220223,5,5.0,4.0,10.0,0.0034,0.2,0.0,0.0,0.2,0.2,0.0,0.0,0.0,0.0,0.2,0.0,0.0,0.0,0.0,0.0,0.0,0.0,0.0,0.0,0.0,0.0,0.0,0.0,0.2,0.0,0.0,0.0,0.0,0.0
8835 BR SPOT DE SOBREPOR RED.E-27 PAR 20,36,4.0,15.0,1,7,4.5,6,2.1213203435596424,9,3.0,3.0,5.0,0.0061,0.1111,0.1111,0.3333,0.0,0.2222,0.0,0.2222,0.0,0.0,0.0,0.0,0.0,0.0,0.0,0.0,0.0,0.0,0.0,0.0,0.0,0.0,0.0,0.0,0.0,0.0,0.0,0.0,0.0,0.0
8835 MR SPOT DE SOBREPOR RED.E-27 PAR 20,50,8.333333333333334,46.0,1,20,55.86666666666666,19,7.474400756359446,6,6.0,3.0,12.75,0.004,0.1667,0.0,0.3333,0.0,0.0,0.0,0.0,0.0,0.1667,0.0,0.0,0.0,0.0,0.1667,0.0,0.0,0.0,0.0,0.0,0.1667,0.0,0.0,0.0,0.0,0.0,0.0,0.0,0.0,0.0
8835 PR SPOT DE SOBREPOR RED.E27-PAR 20,14,2.8,9.0,1,4,1.7000000000000002,3,1.3038404810405297,5,3.0,2.0,4.0,0.0034,0.2,0.2,0.2,0.4,0.0,0.0,0.0,0.0,0.0,0.0,0.0,0.0,0.0,0.0,0.0,0.0,0.0,0.0,0.0,0.0,0.0,0.0,0.0,0.0,0.0,0.0,0.0,0.0,0.0
8853 GLOBO DE PL√ÅSTICO 15X30 LEITOSO,6,3.0,10.0,2,4,2.0,2,1.4142135623730951,2,3.0,2.5,3.5,0.0013,0.0,0.5,0.0,0.5,0.0,0.0,0.0,0.0,0.0,0.0,0.0,0.0,0.0,0.0,0.0,0.0,0.0,0.0,0.0,0.0,0.0,0.0,0.0,0.0,0.0,0.0,0.0,0.0,0.0
