codigo,descricao,soma,media,calculo,minimo,maximo,variancia,amplitude,desvio_padrao,frequencia,quantidade_median,quantidade_q1,quantidade_q3,frequencia_relativa,qtd_1_emb,qtd_2_emb,qtd_3_emb,qtd_4_emb,qtd_5_emb,qtd_6_emb,qtd_7_emb,qtd_8_emb,qtd_9_emb,qtd_10_emb,qtd_11_emb,qtd_12_emb,qtd_13_emb,qtd_14_emb,qtd_15_emb,qtd_18_emb,qtd_21_emb,qtd_24_emb,qtd_25_emb
10084,81034 BR PLAFON EM ALUMINIO P/2 E27,7,3.5,7.0,2,5,4.5,3,2.1213203435596424,2,3.5,2.75,4.25,0.0018,0.0,0.5,0.0,0.0,0.5,0.0,0.0,0.0,0.0,0.0,0.0,0.0,0.0,0.0,0.0,0.0,0.0,0.0,0.0
10085,81034 PR PLAFON EM ALUMINIO P/2 E27,9,1.8,4.0,1,4,1.7,3,1.3038404810405297,5,1.0,1.0,2.0,0.0044,0.5,0.5,0.0,0.0,0.0,0.0,0.0,0.0,0.0,0.0,0.0,0.0,0.0,0.0,0.0,0.0,0.0,0.0,0.0
10086,81034 CO PLAFON EM ALUMINIO P/2 E27,2,1.0,1.0,1,1,0.0,0,0.0,2,1.0,1.0,1.0,0.0018,1.0,0.0,0.0,0.0,0.0,0.0,0.0,0.0,0.0,0.0,0.0,0.0,0.0,0.0,0.0,0.0,0.0,0.0,0.0
10113,81040 ARANDELA INJ PRETA 15CM LC/ABERTA,4,2.0,4.0,1,3,2.0,2,1.4142135623730951,2,2.0,1.5,2.5,0.0018,0.5,0.0,0.5,0.0,0.0,0.0,0.0,0.0,0.0,0.0,0.0,0.0,0.0,0.0,0.0,0.0,0.0,0.0,0.0
10114,81040 ARANDELA INJ BRANCA 15CM LC/ABERTA,1,1.0,,1,1,,0,,1,1.0,1.0,1.0,0.0009,1.0,0.0,0.0,0.0,0.0,0.0,0.0,0.0,0.0,0.0,0.0,0.0,0.0,0.0,0.0,0.0,0.0,0.0,0.0
10126,81044 ARANDELA INJ PRETA 15CM LC/GRADE X,5,2.5,6.0,1,4,4.5,3,2.1213203435596424,2,2.5,1.75,3.25,0.0018,0.5,0.0,0.0,0.5,0.0,0.0,0.0,0.0,0.0,0.0,0.0,0.0,0.0,0.0,0.0,0.0,0.0,0.0,0.0
10359,81050 BR ARANDELA EM ALUMINIO CUPULA,14,1.75,4.0,1,6,3.0714285714285716,5,1.7525491637693282,8,1.0,1.0,1.25,0.0071,0.6,0.4,0.0,0.0,0.0,0.0,0.0,0.0,0.0,0.0,0.0,0.0,0.0,0.0,0.0,0.0,0.0,0.0,0.0
10360,81050 PR ARANDELA EM ALUMINIO CUPULA,8,1.6,2.0,1,2,0.3,1,0.5477225575051661,5,2.0,1.0,2.0,0.0044,0.4,0.6,0.0,0.0,0.0,0.0,0.0,0.0,0.0,0.0,0.0,0.0,0.0,0.0,0.0,0.0,0.0,0.0,0.0
10405,81053 BR ARANDELA EM ALUMINIO 1 LAMP,37,2.176470588235294,4.0,1,6,1.5294117647058825,5,1.2366938848016846,17,2.0,2.0,2.0,0.0151,0.3333,0.619,0.0,0.0476,0.0,0.0,0.0,0.0,0.0,0.0,0.0,0.0,0.0,0.0,0.0,0.0,0.0,0.0,0.0
10406,81053 PR ARANDELA EM ALUMINIO 1 LAMP,3,1.5,3.0,1,2,0.5,1,0.7071067811865476,2,1.5,1.25,1.75,0.0018,0.5,0.5,0.0,0.0,0.0,0.0,0.0,0.0,0.0,0.0,0.0,0.0,0.0,0.0,0.0,0.0,0.0,0.0,0.0
10457,81060 DOURADO ARANDELA AL CUPULA CRU NAT,64,4.571428571428571,10.0,1,12,14.263736263736263,11,3.776736191970027,14,2.0,2.0,6.0,0.0124,0.2222,0.7778,0.0,0.0,0.0,0.0,0.0,0.0,0.0,0.0,0.0,0.0,0.0,0.0,0.0,0.0,0.0,0.0,0.0
10458,81061 DOURADO ARANDELA AL CUPULA PRETA,15,2.5,6.0,1,6,4.3,5,2.073644135332772,6,1.5,1.0,3.5,0.0053,0.375,0.5,0.0,0.125,0.0,0.0,0.0,0.0,0.0,0.0,0.0,0.0,0.0,0.0,0.0,0.0,0.0,0.0,0.0
10465,81065 DOURADO ARANDELA AL CUPULA PRETA,7,7.0,,7,7,,0,,1,7.0,7.0,7.0,0.0009,0.0,0.0,0.0,0.0,0.0,0.0,1.0,0.0,0.0,0.0,0.0,0.0,0.0,0.0,0.0,0.0,0.0,0.0,0.0
10475,81064 DOURADO ARANDELA AL CUPULA CRU NAT,21,2.625,5.0,1,5,2.267857142857143,4,1.5059406173077154,8,2.0,1.75,4.0,0.0071,0.3846,0.6154,0.0,0.0,0.0,0.0,0.0,0.0,0.0,0.0,0.0,0.0,0.0,0.0,0.0,0.0,0.0,0.0,0.0
10558,8148 PR POSTE C/TUBO AL P/1 LAMP 1 METRO,19,3.8,11.0,1,12,21.2,11,4.604345773288535,5,2.0,2.0,2.0,0.0044,0.1429,0.5714,0.0,0.1429,0.0,0.1429,0.0,0.0,0.0,0.0,0.0,0.0,0.0,0.0,0.0,0.0,0.0,0.0,0.0
10559,8148 BR POSTE C/TUBO AL P/1 LAMP 1 METRO,1,1.0,,1,1,,0,,1,1.0,1.0,1.0,0.0009,1.0,0.0,0.0,0.0,0.0,0.0,0.0,0.0,0.0,0.0,0.0,0.0,0.0,0.0,0.0,0.0,0.0,0.0,0.0
10666,81090 ARANDELA INJ PRETA E27 LC/OVAL,16,4.0,10.0,1,10,18.0,9,4.242640687119285,4,2.5,1.0,5.5,0.0036,0.6,0.0,0.0,0.2,0.0,0.0,0.0,0.0,0.2,0.0,0.0,0.0,0.0,0.0,0.0,0.0,0.0,0.0,0.0
10679,81090 ARANDELA INJ BRANCA E27 LC/OVAL,11,5.5,7.0,5,6,0.5,1,0.7071067811865476,2,5.5,5.25,5.75,0.0018,0.0,0.0,0.0,0.0,0.5,0.5,0.0,0.0,0.0,0.0,0.0,0.0,0.0,0.0,0.0,0.0,0.0,0.0,0.0
10680,81090 ARANDELA INJ MR E27 LC / OVAL,6,3.0,5.0,2,4,2.0,2,1.4142135623730951,2,3.0,2.5,3.5,0.0018,0.6667,0.0,0.0,0.3333,0.0,0.0,0.0,0.0,0.0,0.0,0.0,0.0,0.0,0.0,0.0,0.0,0.0,0.0,0.0
10681,81092 ARANDELA INJ PRETA E27 LL / OVAL,1,1.0,,1,1,,0,,1,1.0,1.0,1.0,0.0009,1.0,0.0,0.0,0.0,0.0,0.0,0.0,0.0,0.0,0.0,0.0,0.0,0.0,0.0,0.0,0.0,0.0,0.0,0.0
10685,81091 ARAND INJ BRANCA E27 LC / TRIANG,4,4.0,,4,4,,0,,1,4.0,4.0,4.0,0.0009,0.0,0.0,0.0,1.0,0.0,0.0,0.0,0.0,0.0,0.0,0.0,0.0,0.0,0.0,0.0,0.0,0.0,0.0,0.0
10686,81091 ARAND INJ MARROM E27 LC / TRIANG,18,9.0,11.0,8,10,2.0,2,1.4142135623730951,2,9.0,8.5,9.5,0.0018,0.0,0.0,0.3333,0.0,0.0,0.0,0.3333,0.3333,0.0,0.0,0.0,0.0,0.0,0.0,0.0,0.0,0.0,0.0,0.0
10688,81093 ARAND INJ BRANCO E27 LL / TRIANG,12,6.0,14.0,2,10,32.0,8,5.656854249492381,2,6.0,4.0,8.0,0.0018,0.0,0.5,0.0,0.0,0.0,0.0,0.0,0.0,0.0,0.5,0.0,0.0,0.0,0.0,0.0,0.0,0.0,0.0,0.0
10826,EC 8136 PR PENDENTE INJ P/1 LAMP E27 L/C,347,26.692307692307693,42.0,8,40,109.56410256410258,32,10.467287259080194,13,28.0,20.0,36.0,0.0116,0.4324,0.2635,0.1351,0.0608,0.0405,0.027,0.0068,0.0135,0.0068,0.0,0.0068,0.0068,0.0,0.0,0.0,0.0,0.0,0.0,0.0
10827,EC 8117 PR POSTE C/TUBO AL P/2 LAMP INJ,139,10.692307692307692,20.0,4,23,38.73076923076923,19,6.223404954746978,13,10.0,5.0,14.0,0.0116,0.947,0.053,0.0,0.0,0.0,0.0,0.0,0.0,0.0,0.0,0.0,0.0,0.0,0.0,0.0,0.0,0.0,0.0,0.0
10828,EC 8122 PR POSTE C/TUBO AL P/2 LAMP INJ,65,7.222222222222222,15.0,2,17,29.444444444444443,15,5.426273532033235,9,5.0,3.0,9.0,0.008,0.9844,0.0156,0.0,0.0,0.0,0.0,0.0,0.0,0.0,0.0,0.0,0.0,0.0,0.0,0.0,0.0,0.0,0.0,0.0
10829,EC 8338 PR ARANDELA INJ P/1 LAM E27-SACO,47,7.833333333333333,24.0,1,29,115.76666666666665,28,10.759491933482114,6,4.0,1.25,7.5,0.0053,0.3333,0.1333,0.0667,0.1333,0.2,0.1333,0.0,0.0,0.0,0.0,0.0,0.0,0.0,0.0,0.0,0.0,0.0,0.0,0.0
10830,EC 8119 PR BALIZADOR P/JD E MURO INJ TER,58,6.444444444444445,12.0,1,12,15.527777777777775,11,3.940530139178963,9,6.0,4.0,10.0,0.008,0.125,0.3125,0.0,0.375,0.0,0.125,0.0,0.0,0.0,0.0625,0.0,0.0,0.0,0.0,0.0,0.0,0.0,0.0,0.0
10831,EC 8237 PR ARANDELA INJ P/ 1 LAMP,214,17.833333333333332,39.0,1,54,200.15151515151513,53,14.147491479110887,12,15.5,11.5,19.0,0.0107,0.2885,0.0962,0.1538,0.1731,0.0385,0.0,0.0192,0.0192,0.1923,0.0,0.0,0.0,0.0,0.0192,0.0,0.0,0.0,0.0,0.0
10833,EC 8385 PR BALIZADOR INJ P/1 LAMP,47,4.7,11.0,2,12,15.344444444444443,10,3.9171985454460234,10,3.0,2.25,4.0,0.0089,0.3333,0.1333,0.1333,0.2,0.0,0.1333,0.0,0.0667,0.0,0.0,0.0,0.0,0.0,0.0,0.0,0.0,0.0,0.0,0.0
10834,EC 8125 PR PENDENTE INJ P/1 LAM E27-SACO,26,13.0,28.0,6,20,98.0,14,9.899494936611665,2,13.0,9.5,16.5,0.0018,0.0,0.6,0.0,0.0,0.0,0.0,0.0,0.0,0.0,0.4,0.0,0.0,0.0,0.0,0.0,0.0,0.0,0.0,0.0
10835,EC 81060 DOURADO ARAND AL CUPULA CRU NAT,64,5.818181818181818,11.0,1,11,10.363636363636363,10,3.2192602199319587,11,6.0,3.5,8.0,0.0098,0.3158,0.6842,0.0,0.0,0.0,0.0,0.0,0.0,0.0,0.0,0.0,0.0,0.0,0.0,0.0,0.0,0.0,0.0,0.0
10836,"EC 8151 PR BALIZADOR L/C P/JD, MURO P/1L",74,7.4,18.0,2,23,49.599999999999994,21,7.042726744663603,10,3.5,3.0,11.5,0.0089,0.2759,0.4138,0.069,0.069,0.069,0.1034,0.0,0.0,0.0,0.0,0.0,0.0,0.0,0.0,0.0,0.0,0.0,0.0,0.0
10837,EC 8150 PR BALIZADOR L/F P/JD E MURO P/1,78,7.8,18.0,2,25,49.28888888888889,23,7.0206045956804095,10,6.0,2.75,9.25,0.0089,0.1818,0.4091,0.0909,0.0,0.1818,0.0,0.0,0.0,0.0,0.1364,0.0,0.0,0.0,0.0,0.0,0.0,0.0,0.0,0.0
10838,EC 8337 PR PENDENTE INJ P/1 LAMP E27,90,10.0,23.0,1,24,70.75,23,8.411301920630361,9,7.0,4.0,15.0,0.008,0.25,0.2857,0.25,0.0357,0.0,0.0357,0.0,0.1071,0.0,0.0,0.0,0.0357,0.0,0.0,0.0,0.0,0.0,0.0,0.0
10840,EC 8428 PR ARANDELA C/SUP.INF.P/1L E27,15,3.75,4.0,3,4,0.25,1,0.5,4,4.0,3.75,4.0,0.0036,0.1667,0.3333,0.3333,0.1667,0.0,0.0,0.0,0.0,0.0,0.0,0.0,0.0,0.0,0.0,0.0,0.0,0.0,0.0,0.0
10841,EC 8126 PR ARANDELA C/SUP.INF.P/1L E27,29,4.142857142857143,9.0,2,11,9.80952380952381,9,3.132015933791495,7,3.0,2.5,4.0,0.0062,0.1111,0.3333,0.1111,0.3333,0.0,0.0,0.1111,0.0,0.0,0.0,0.0,0.0,0.0,0.0,0.0,0.0,0.0,0.0,0.0
10844,EC 81064 DOURADO ARANDELA AL CUPULA CRU,5,1.6666666666666667,3.0,1,2,0.3333333333333333,1,0.5773502691896257,3,2.0,1.5,2.0,0.0027,0.3333,0.6667,0.0,0.0,0.0,0.0,0.0,0.0,0.0,0.0,0.0,0.0,0.0,0.0,0.0,0.0,0.0,0.0,0.0
10845,EC 8384 PR ARANDELA INJ P/1 LAMP SUP C/P,32,8.0,23.0,1,22,94.00000000000001,21,9.695359714832659,4,4.5,1.75,10.75,0.0036,0.2222,0.3333,0.1111,0.0,0.1111,0.1111,0.0,0.0,0.0,0.1111,0.0,0.0,0.0,0.0,0.0,0.0,0.0,0.0,0.0
10846,EC 8244 PR ARANDELA P/1LAMP E27 LENTE TR,66,6.0,16.0,1,19,40.2,18,6.340346993658944,11,3.0,2.0,8.5,0.0098,0.2222,0.1667,0.3333,0.0556,0.0556,0.0,0.0556,0.0,0.0,0.0556,0.0,0.0556,0.0,0.0,0.0,0.0,0.0,0.0,0.0
10847,EC 8116 PR POSTE C/TUBO AL P/1 LAMP INJ,59,6.555555555555555,14.0,2,16,23.77777777777778,14,4.876246279442598,9,6.0,2.0,8.0,0.008,0.0345,0.931,0.0,0.0345,0.0,0.0,0.0,0.0,0.0,0.0,0.0,0.0,0.0,0.0,0.0,0.0,0.0,0.0,0.0
10848,EC 8429 PR ARANDELA C/SUP.SUP.P/1L E27,17,1.7,3.0,1,3,0.4555555555555555,2,0.6749485577105528,10,2.0,1.0,2.0,0.0089,0.5455,0.3636,0.0909,0.0,0.0,0.0,0.0,0.0,0.0,0.0,0.0,0.0,0.0,0.0,0.0,0.0,0.0,0.0,0.0
10849,EC 8341 PR ARANDELA INJ P/ 1 LAMP,19,3.8,9.0,1,10,13.2,9,3.63318042491699,5,2.0,2.0,4.0,0.0044,0.6364,0.1818,0.0909,0.0,0.0909,0.0,0.0,0.0,0.0,0.0,0.0,0.0,0.0,0.0,0.0,0.0,0.0,0.0,0.0
10947,EC 8147 PR BALIZADOR L/C P/JD/ MURO P/1L,113,12.555555555555555,25.0,2,26,70.02777777777777,24,8.368260140422128,9,14.0,7.0,19.0,0.008,0.3261,0.413,0.0,0.1304,0.0,0.1304,0.0,0.0,0.0,0.0,0.0,0.0,0.0,0.0,0.0,0.0,0.0,0.0,0.0
10948,EC 8145 PR BALIZADOR P/1 LAMP E27 L/C,98,12.25,28.0,1,30,111.64285714285714,29,10.566118357412865,8,11.0,2.75,18.5,0.0071,0.125,0.25,0.125,0.2083,0.0,0.1667,0.0,0.0,0.0,0.125,0.0,0.0,0.0,0.0,0.0,0.0,0.0,0.0,0.0
10949,EC 8140 PR PENDENTE P/1 LAMP E27 L/C,6,6.0,,6,6,,0,,1,6.0,6.0,6.0,0.0009,0.0,1.0,0.0,0.0,0.0,0.0,0.0,0.0,0.0,0.0,0.0,0.0,0.0,0.0,0.0,0.0,0.0,0.0,0.0
10950,EC 8341 BR ARANDELA INJ P/ 1 LAMP,50,7.142857142857143,23.0,1,31,117.80952380952384,30,10.854009572942335,7,2.0,2.0,6.0,0.0062,0.3158,0.3684,0.1579,0.0526,0.0526,0.0,0.0,0.0,0.0,0.0,0.0,0.0526,0.0,0.0,0.0,0.0,0.0,0.0,0.0
10951,EC 8428 MR ARANDELA C/SUP.INF.P/1L E27,13,4.333333333333333,7.0,2,6,4.333333333333333,4,2.0816659994661326,3,5.0,3.5,5.5,0.0027,0.0,0.6,0.2,0.2,0.0,0.0,0.0,0.0,0.0,0.0,0.0,0.0,0.0,0.0,0.0,0.0,0.0,0.0,0.0
10952,EC 8341 MR ARANDELA INJ P/ 1 LAMP,24,8.0,15.0,3,12,21.0,9,4.58257569495584,3,9.0,6.0,10.5,0.0027,0.2222,0.4444,0.1111,0.1111,0.0,0.0,0.1111,0.0,0.0,0.0,0.0,0.0,0.0,0.0,0.0,0.0,0.0,0.0,0.0
10953,EC 81050 BR ARANDELA EM ALUMINIO CUPULA,16,2.2857142857142856,4.0,1,4,1.2380952380952384,3,1.1126972805283737,7,2.0,1.5,3.0,0.0062,0.4,0.6,0.0,0.0,0.0,0.0,0.0,0.0,0.0,0.0,0.0,0.0,0.0,0.0,0.0,0.0,0.0,0.0,0.0
10954,EC 8243 PR PROJ INJ P/ 1 LA PAR 20/30/38,51,12.75,36.0,2,35,242.25,33,15.56438241627338,4,7.0,2.0,17.75,0.0036,0.2222,0.2222,0.1111,0.1111,0.0,0.0,0.0,0.0,0.0,0.0,0.1111,0.1111,0.0,0.0,0.1111,0.0,0.0,0.0,0.0
10956,EC 8394 PR/LC ARAND INJ P/1 LAMP SACO PL,45,11.25,29.0,3,29,142.91666666666666,26,11.954775893619532,4,6.5,5.25,12.5,0.0036,0.0,0.0,0.2857,0.1429,0.1429,0.1429,0.0,0.0,0.0,0.0,0.0,0.2857,0.0,0.0,0.0,0.0,0.0,0.0,0.0
10957,EC 8133 PR BALIZADOR P/1 LAMP E27,39,4.875,13.0,1,17,26.410714285714285,16,5.139135558215436,8,3.5,2.0,4.5,0.0071,0.3077,0.2308,0.0769,0.1538,0.0,0.2308,0.0,0.0,0.0,0.0,0.0,0.0,0.0,0.0,0.0,0.0,0.0,0.0,0.0
11053,EC 8144 PR POSTE P/2 LAMP E27 L/C,5,5.0,,5,5,,0,,1,5.0,5.0,5.0,0.0009,1.0,0.0,0.0,0.0,0.0,0.0,0.0,0.0,0.0,0.0,0.0,0.0,0.0,0.0,0.0,0.0,0.0,0.0,0.0
1114,8119 PR BALIZADOR P/JD E MURO INJ TERM,144,8.0,20.0,1,30,68.70588235294117,29,8.288901154733429,18,4.0,3.25,7.0,0.016,0.2558,0.3488,0.0698,0.1395,0.0,0.0698,0.0233,0.0,0.0,0.0698,0.0,0.0,0.0,0.0,0.0233,0.0,0.0,0.0,0.0
1115,8119 BR BALIZADOR P/JD E MURO INJ TERM,54,6.75,20.0,1,26,73.07142857142857,25,8.548182764273854,8,3.5,1.75,6.75,0.0071,0.2667,0.1333,0.2,0.0667,0.0667,0.1333,0.0,0.1333,0.0,0.0,0.0,0.0,0.0,0.0,0.0,0.0,0.0,0.0,0.0
213,8075/2 AL/ PR POSTE AL S/ GLOBO,5,1.6666666666666667,3.0,1,2,0.3333333333333333,1,0.5773502691896257,3,2.0,1.5,2.0,0.0027,1.0,0.0,0.0,0.0,0.0,0.0,0.0,0.0,0.0,0.0,0.0,0.0,0.0,0.0,0.0,0.0,0.0,0.0,0.0
25,8110 PR PENDENTE INJ EM TERMOPLASTICO,15,7.5,9.0,7,8,0.5,1,0.7071067811865476,2,7.5,7.25,7.75,0.0018,0.0,0.3333,0.0,0.0,0.3333,0.0,0.0,0.3333,0.0,0.0,0.0,0.0,0.0,0.0,0.0,0.0,0.0,0.0,0.0
257,8240 PR PROJETOR AL P/1 LAM PAR 20/30/38,34,4.857142857142857,11.0,1,12,15.142857142857144,11,3.8913824205360674,7,3.0,2.5,6.5,0.0062,0.2222,0.2222,0.2222,0.1111,0.0,0.0,0.0,0.1111,0.0,0.1111,0.0,0.0,0.0,0.0,0.0,0.0,0.0,0.0,0.0
266,8243 PR PROJ INJ P/ 1 LAMP PAR 20/30/38,51,3.923076923076923,8.0,1,9,6.91025641025641,8,2.6287366566958377,13,3.0,2.0,5.0,0.0116,0.2353,0.1765,0.1765,0.2353,0.1176,0.0588,0.0,0.0,0.0,0.0,0.0,0.0,0.0,0.0,0.0,0.0,0.0,0.0,0.0
27,8111 PR ARAND INJ TERMO C/SUPORTE INF,9,3.0,7.0,1,6,7.0,5,2.6457513110645907,3,2.0,1.5,4.0,0.0027,0.3333,0.3333,0.0,0.0,0.0,0.3333,0.0,0.0,0.0,0.0,0.0,0.0,0.0,0.0,0.0,0.0,0.0,0.0,0.0
278,8237 PR ARANDELA INJ P/ 1 LAMP,216,12.0,27.0,1,35,93.99999999999999,34,9.695359714832657,18,9.5,3.5,18.0,0.016,0.125,0.2679,0.1964,0.1071,0.0714,0.0714,0.0,0.0536,0.1071,0.0,0.0,0.0,0.0,0.0,0.0,0.0,0.0,0.0,0.0
279,8237 BR ARANDELA INJ P/ 1 LAMP,52,3.7142857142857144,6.0,1,7,3.142857142857143,6,1.7728105208558367,14,4.0,2.0,5.0,0.0124,0.1579,0.4737,0.0526,0.1053,0.2105,0.0,0.0,0.0,0.0,0.0,0.0,0.0,0.0,0.0,0.0,0.0,0.0,0.0,0.0
29,8112 PR ARAND INJ TERMO C/SUPORTE SUP,1,1.0,,1,1,,0,,1,1.0,1.0,1.0,0.0009,1.0,0.0,0.0,0.0,0.0,0.0,0.0,0.0,0.0,0.0,0.0,0.0,0.0,0.0,0.0,0.0,0.0,0.0,0.0
2900,8105/2 PR SPOT INJ L. TEXAS P/2 LAMPADA,1,1.0,,1,1,,0,,1,1.0,1.0,1.0,0.0009,1.0,0.0,0.0,0.0,0.0,0.0,0.0,0.0,0.0,0.0,0.0,0.0,0.0,0.0,0.0,0.0,0.0,0.0,0.0
31,8116 PR POSTE C/TUBO AL P/1 LAMP INJ TER,54,6.0,15.0,2,14,36.0,12,6.0,9,2.0,2.0,14.0,0.008,0.0,0.8261,0.0,0.1739,0.0,0.0,0.0,0.0,0.0,0.0,0.0,0.0,0.0,0.0,0.0,0.0,0.0,0.0,0.0
32,8116 BR POSTE C/TUBO AL P/1 LAMP INJ TER,3,1.5,3.0,1,2,0.5,1,0.7071067811865476,2,1.5,1.25,1.75,0.0018,0.5,0.5,0.0,0.0,0.0,0.0,0.0,0.0,0.0,0.0,0.0,0.0,0.0,0.0,0.0,0.0,0.0,0.0,0.0
33,8117 PR POSTE C/TUBO AL P/2 LAMP INJ TER,257,10.708333333333334,20.0,1,25,41.34601449275362,24,6.430086662927151,24,10.0,6.75,13.0,0.0213,0.5607,0.4162,0.0,0.0231,0.0,0.0,0.0,0.0,0.0,0.0,0.0,0.0,0.0,0.0,0.0,0.0,0.0,0.0,0.0
3393,8239 BR TART.INJ P/1L C/ GRADE SEM FIO,9,9.0,,9,9,,0,,1,9.0,9.0,9.0,0.0009,0.0,0.0,0.0,0.0,0.0,0.0,0.0,0.0,1.0,0.0,0.0,0.0,0.0,0.0,0.0,0.0,0.0,0.0,0.0
34,8117 BR POSTE C/TUBO AL P/2 LAMP INJ TER,33,2.357142857142857,6.0,1,8,4.4010989010989015,7,2.097879620259204,14,1.0,1.0,3.0,0.0124,0.8214,0.1786,0.0,0.0,0.0,0.0,0.0,0.0,0.0,0.0,0.0,0.0,0.0,0.0,0.0,0.0,0.0,0.0,0.0
39,8114 PR ARAND INJ TERMO C/SUPORTE INF,1,1.0,,1,1,,0,,1,1.0,1.0,1.0,0.0009,1.0,0.0,0.0,0.0,0.0,0.0,0.0,0.0,0.0,0.0,0.0,0.0,0.0,0.0,0.0,0.0,0.0,0.0,0.0
41,8115 PR ARAND INJ TERMO C/ SUPORTE SUP,6,2.0,4.0,1,3,1.0,2,1.0,3,2.0,1.5,2.5,0.0027,1.0,0.0,0.0,0.0,0.0,0.0,0.0,0.0,0.0,0.0,0.0,0.0,0.0,0.0,0.0,0.0,0.0,0.0,0.0
43,8120 PR POSTE C/TUBO AL P/1 LAMP INJ TER,11,2.75,5.0,1,4,1.5833333333333333,3,1.2583057392117916,4,3.0,2.5,3.25,0.0036,0.4286,0.5714,0.0,0.0,0.0,0.0,0.0,0.0,0.0,0.0,0.0,0.0,0.0,0.0,0.0,0.0,0.0,0.0,0.0
4516,8331 PR ARANDELA INJ P/ 1 LAMP,1,1.0,,1,1,,0,,1,1.0,1.0,1.0,0.0009,1.0,0.0,0.0,0.0,0.0,0.0,0.0,0.0,0.0,0.0,0.0,0.0,0.0,0.0,0.0,0.0,0.0,0.0,0.0
4519,8320 BR ARANDELA REDONDA INJ P/ 1 LAMP,54,3.0,7.0,1,9,6.352941176470588,8,2.5205041512504174,18,2.0,1.25,3.0,0.016,0.4348,0.3913,0.0435,0.0,0.0,0.0435,0.0,0.0435,0.0435,0.0,0.0,0.0,0.0,0.0,0.0,0.0,0.0,0.0,0.0
4520,8320 PR ARANDELA REDONDA INJ P/ 1 LAMP,130,5.6521739130434785,14.0,1,25,31.328063241106715,24,5.597147777315399,23,3.0,2.0,8.0,0.0204,0.2059,0.3235,0.0588,0.0882,0.1765,0.0882,0.0,0.0,0.0,0.0294,0.0,0.0,0.0,0.0,0.0,0.0,0.0,0.0,0.0294
4525,8340 PR PENDENTE INJ P/ 1 LAMP,8,4.0,8.0,2,6,8.0,4,2.8284271247461903,2,4.0,3.0,5.0,0.0018,0.4,0.6,0.0,0.0,0.0,0.0,0.0,0.0,0.0,0.0,0.0,0.0,0.0,0.0,0.0,0.0,0.0,0.0,0.0
4529,8343 PR ARANDELA INJ P/ 1 LAMP,4,4.0,,4,4,,0,,1,4.0,4.0,4.0,0.0009,0.0,0.0,0.0,1.0,0.0,0.0,0.0,0.0,0.0,0.0,0.0,0.0,0.0,0.0,0.0,0.0,0.0,0.0,0.0
4531,8341 BR ARANDELA INJ P/ 1 LAMP,37,3.0833333333333335,7.0,1,9,5.537878787878787,8,2.353269807709857,12,2.0,1.75,4.25,0.0107,0.4286,0.4286,0.0952,0.0476,0.0,0.0,0.0,0.0,0.0,0.0,0.0,0.0,0.0,0.0,0.0,0.0,0.0,0.0,0.0
4532,8341 PR ARANDELA INJ P/ 1 LAMP,30,3.75,8.0,1,9,9.071428571428571,8,3.011881234615431,8,3.0,1.0,6.0,0.0071,0.3333,0.1111,0.0,0.2222,0.1111,0.2222,0.0,0.0,0.0,0.0,0.0,0.0,0.0,0.0,0.0,0.0,0.0,0.0,0.0
47,8122 PR POSTE C/TUBO AL P/2 LAMP INJ TER,234,11.142857142857142,20.0,3,20,35.82857142857143,17,5.985697238298261,21,11.0,5.0,17.0,0.0187,0.6386,0.3133,0.0482,0.0,0.0,0.0,0.0,0.0,0.0,0.0,0.0,0.0,0.0,0.0,0.0,0.0,0.0,0.0,0.0
48,8122 BR POSTE C/TUBO AL P/2 LAMP INJ TER,27,2.4545454545454546,6.0,1,8,4.2727272727272725,7,2.0670576365276494,11,2.0,1.0,3.0,0.0098,0.5625,0.1875,0.25,0.0,0.0,0.0,0.0,0.0,0.0,0.0,0.0,0.0,0.0,0.0,0.0,0.0,0.0,0.0,0.0
4933,8351 BR MINI TARTA  P/1 LAMP C/ GRADE,11,11.0,,11,11,,0,,1,11.0,11.0,11.0,0.0009,0.5,0.0,0.0,0.0,0.0,0.0,0.0,0.0,0.0,0.5,0.0,0.0,0.0,0.0,0.0,0.0,0.0,0.0,0.0
4934,8351 PR MINI TARTA P/1 LAMP C/ GRADE,6,2.0,4.0,1,3,1.0,2,1.0,3,2.0,1.5,2.5,0.0027,0.3333,0.3333,0.3333,0.0,0.0,0.0,0.0,0.0,0.0,0.0,0.0,0.0,0.0,0.0,0.0,0.0,0.0,0.0,0.0
4935,8350 BR  MINI TARTA P/1 LAMP S/ GRADE,4,2.0,4.0,1,3,2.0,2,1.4142135623730951,2,2.0,1.5,2.5,0.0018,0.5,0.0,0.5,0.0,0.0,0.0,0.0,0.0,0.0,0.0,0.0,0.0,0.0,0.0,0.0,0.0,0.0,0.0,0.0
4936,8350 PR MINI TARTA  P/1 LAMP S/ GRADE,2,1.0,1.0,1,1,0.0,0,0.0,2,1.0,1.0,1.0,0.0018,1.0,0.0,0.0,0.0,0.0,0.0,0.0,0.0,0.0,0.0,0.0,0.0,0.0,0.0,0.0,0.0,0.0,0.0,0.0
4953,8853 GLOBO DE PL√ÅSTICO 15X30 LEITOSO,10,3.3333333333333335,5.0,2,4,1.3333333333333333,2,1.1547005383792515,3,4.0,3.0,4.0,0.0027,0.0,0.3333,0.0,0.6667,0.0,0.0,0.0,0.0,0.0,0.0,0.0,0.0,0.0,0.0,0.0,0.0,0.0,0.0,0.0
5506,8384 BR ARANDELA INJ P/1 LAMP SUP C/ PIN,3,1.5,3.0,1,2,0.5,1,0.7071067811865476,2,1.5,1.25,1.75,0.0018,0.5,0.5,0.0,0.0,0.0,0.0,0.0,0.0,0.0,0.0,0.0,0.0,0.0,0.0,0.0,0.0,0.0,0.0,0.0
5507,8384 PR ARANDELA INJ P/1 LAMP SUP C/ PIN,50,4.545454545454546,11.0,1,15,18.272727272727273,14,4.27466107109409,11,4.0,1.0,6.0,0.0098,0.2778,0.3889,0.0,0.1111,0.0556,0.1667,0.0,0.0,0.0,0.0,0.0,0.0,0.0,0.0,0.0,0.0,0.0,0.0,0.0
5509,8383 BR ARANDELA INJ P/1 LAMP INF C/ PIN,4,4.0,,4,4,,0,,1,4.0,4.0,4.0,0.0009,0.0,1.0,0.0,0.0,0.0,0.0,0.0,0.0,0.0,0.0,0.0,0.0,0.0,0.0,0.0,0.0,0.0,0.0,0.0
5510,8383 PR ARANDELA INJ P/1 LAMP INF C/ PIN,8,2.6666666666666665,6.0,1,5,4.333333333333333,4,2.0816659994661326,3,2.0,1.5,3.5,0.0027,0.3333,0.3333,0.0,0.0,0.3333,0.0,0.0,0.0,0.0,0.0,0.0,0.0,0.0,0.0,0.0,0.0,0.0,0.0,0.0
5516,8382 PR PENDENTE INJ P/ 1 LAMP C/ PINHAO,2,2.0,,2,2,,0,,1,2.0,2.0,2.0,0.0009,0.0,1.0,0.0,0.0,0.0,0.0,0.0,0.0,0.0,0.0,0.0,0.0,0.0,0.0,0.0,0.0,0.0,0.0,0.0
5518,8385 BR BALIZADOR INJ P/1 LAMP,19,4.75,11.0,1,11,18.916666666666668,10,4.349329450233296,4,3.5,2.5,5.75,0.0036,0.2,0.0,0.4,0.2,0.0,0.0,0.0,0.2,0.0,0.0,0.0,0.0,0.0,0.0,0.0,0.0,0.0,0.0,0.0
5519,8385 PR BALIZADOR INJ P/1 LAMP,50,8.333333333333334,20.0,3,24,61.866666666666674,21,7.865536642001401,6,5.5,4.25,7.5,0.0053,0.0,0.1429,0.2857,0.1429,0.0,0.1429,0.0,0.1429,0.0,0.0,0.0,0.0,0.0,0.0,0.0,0.0,0.0,0.1429,0.0
5534,8431 PR ARANDELA INJ P/ 1 LAMP C/SUP INF,2,1.0,1.0,1,1,0.0,0,0.0,2,1.0,1.0,1.0,0.0018,1.0,0.0,0.0,0.0,0.0,0.0,0.0,0.0,0.0,0.0,0.0,0.0,0.0,0.0,0.0,0.0,0.0,0.0,0.0
5535,8431 BR ARANDELA INJ P/ 1 LAMP C/SUP INF,1,1.0,,1,1,,0,,1,1.0,1.0,1.0,0.0009,1.0,0.0,0.0,0.0,0.0,0.0,0.0,0.0,0.0,0.0,0.0,0.0,0.0,0.0,0.0,0.0,0.0,0.0,0.0
5544,8433 PR BALIZADOR INJ P/1 LAMP,2,1.0,1.0,1,1,0.0,0,0.0,2,1.0,1.0,1.0,0.0018,1.0,0.0,0.0,0.0,0.0,0.0,0.0,0.0,0.0,0.0,0.0,0.0,0.0,0.0,0.0,0.0,0.0,0.0,0.0
6,8101/2 BR/BR SPOT INJ P/2 LAMP S/ ALETA,4,1.3333333333333333,2.0,1,2,0.3333333333333333,1,0.5773502691896257,3,1.0,1.0,1.5,0.0027,0.6667,0.3333,0.0,0.0,0.0,0.0,0.0,0.0,0.0,0.0,0.0,0.0,0.0,0.0,0.0,0.0,0.0,0.0,0.0
6885,8311/1 BR PENDENTE INJ P/1 LAMP,3,1.0,1.0,1,1,0.0,0,0.0,3,1.0,1.0,1.0,0.0027,1.0,0.0,0.0,0.0,0.0,0.0,0.0,0.0,0.0,0.0,0.0,0.0,0.0,0.0,0.0,0.0,0.0,0.0,0.0
7028,8335 PR PENDENTE INJ P/ 1 LAMP ASPEN,1,1.0,,1,1,,0,,1,1.0,1.0,1.0,0.0009,1.0,0.0,0.0,0.0,0.0,0.0,0.0,0.0,0.0,0.0,0.0,0.0,0.0,0.0,0.0,0.0,0.0,0.0,0.0
7030,8440 PR ARAND GR INJ P/2 LAMP SAN DIEGO,4,4.0,,4,4,,0,,1,4.0,4.0,4.0,0.0009,0.5,0.0,0.5,0.0,0.0,0.0,0.0,0.0,0.0,0.0,0.0,0.0,0.0,0.0,0.0,0.0,0.0,0.0,0.0
7032,8441 MR/LL ARAND PQ INJ P/1LAM SAN DIEGO,5,5.0,,5,5,,0,,1,5.0,5.0,5.0,0.0009,0.0,0.0,0.0,0.0,1.0,0.0,0.0,0.0,0.0,0.0,0.0,0.0,0.0,0.0,0.0,0.0,0.0,0.0,0.0
7034,8441 BR/LL ARAND PQ INJ P/1LAM SAN DIEGO,10,10.0,,10,10,,0,,1,10.0,10.0,10.0,0.0009,0.0,0.0,0.0,0.0,0.0,0.0,0.0,0.0,0.0,1.0,0.0,0.0,0.0,0.0,0.0,0.0,0.0,0.0,0.0
740,8280 BR PENDENTE INJ EM TEMOPLAS,2,1.0,1.0,1,1,0.0,0,0.0,2,1.0,1.0,1.0,0.0018,1.0,0.0,0.0,0.0,0.0,0.0,0.0,0.0,0.0,0.0,0.0,0.0,0.0,0.0,0.0,0.0,0.0,0.0,0.0
7918,8394 BR/LC ARANDELA INJ P/1LAMP SACO PLA,13,6.5,8.0,6,7,0.5,1,0.7071067811865476,2,6.5,6.25,6.75,0.0018,0.0,0.0,0.0,0.0,0.0,0.5,0.5,0.0,0.0,0.0,0.0,0.0,0.0,0.0,0.0,0.0,0.0,0.0,0.0
7919,8394 PR/LC ARANDELA INJ P/1 LAMP SACO PL,50,7.142857142857143,20.0,1,23,72.80952380952381,22,8.532849688675162,7,3.0,1.5,10.0,0.0062,0.25,0.0833,0.25,0.0833,0.0833,0.0833,0.0,0.0,0.0833,0.0,0.0,0.0833,0.0,0.0,0.0,0.0,0.0,0.0,0.0
7921,8395 BR/LC ARANDELA INJ P/1 LAMP SACO PL,5,2.5,6.0,1,4,4.5,3,2.1213203435596424,2,2.5,1.75,3.25,0.0018,0.5,0.0,0.0,0.5,0.0,0.0,0.0,0.0,0.0,0.0,0.0,0.0,0.0,0.0,0.0,0.0,0.0,0.0,0.0
7922,8395 PR/LC ARANDELA INJ P/1 LAMP SACO PL,9,3.0,6.0,1,4,3.0,3,1.7320508075688772,3,4.0,2.5,4.0,0.0027,0.3333,0.0,0.0,0.6667,0.0,0.0,0.0,0.0,0.0,0.0,0.0,0.0,0.0,0.0,0.0,0.0,0.0,0.0,0.0
7927,8397 BR/LC ARANDELA INJ P/1 LAM  SACO PL,5,2.5,4.0,2,3,0.5,1,0.7071067811865476,2,2.5,2.25,2.75,0.0018,0.0,0.5,0.5,0.0,0.0,0.0,0.0,0.0,0.0,0.0,0.0,0.0,0.0,0.0,0.0,0.0,0.0,0.0,0.0
7928,8397 PR/LC ARANDELA INJ P/1 LAM SACO PLA,36,12.0,35.0,2,30,244.0,28,15.620499351813308,3,4.0,3.0,17.0,0.0027,0.0,0.2,0.0,0.2,0.2,0.0,0.0,0.0,0.0,0.0,0.0,0.2,0.2,0.0,0.0,0.0,0.0,0.0,0.0
9439,8337 PR PENDENTE INJ P/1 LAMP E27-SACO,22,4.4,7.0,2,6,3.3000000000000007,4,1.8165902124584952,5,5.0,3.0,6.0,0.0044,0.0,0.4286,0.2857,0.1429,0.0,0.1429,0.0,0.0,0.0,0.0,0.0,0.0,0.0,0.0,0.0,0.0,0.0,0.0,0.0
9444,8338 PR ARANDELA INJ P/ 1 LAMP E27-SACO,38,7.6,16.0,1,16,32.3,15,5.683308895353129,5,6.0,5.0,10.0,0.0044,0.125,0.0,0.0,0.5,0.125,0.125,0.0,0.0,0.0,0.125,0.0,0.0,0.0,0.0,0.0,0.0,0.0,0.0,0.0
9445,8338 BR ARANDELA INJ P/ 1 LAMP E27-SACO,3,3.0,,3,3,,0,,1,3.0,3.0,3.0,0.0009,0.0,0.0,1.0,0.0,0.0,0.0,0.0,0.0,0.0,0.0,0.0,0.0,0.0,0.0,0.0,0.0,0.0,0.0,0.0
9446,8338 MR ARANDELA INJ P/ 1 LAMP E27-SACO,10,10.0,,10,10,,0,,1,10.0,10.0,10.0,0.0009,0.0,0.0,0.0,0.0,0.0,0.0,0.0,0.0,0.0,1.0,0.0,0.0,0.0,0.0,0.0,0.0,0.0,0.0,0.0
9454,8428 PR ARANDELA C/SUP.INF.P/1L E27-SACO,72,5.142857142857143,12.0,1,17,23.36263736263737,16,4.833491218843515,14,3.5,2.0,4.75,0.0124,0.1,0.3,0.15,0.3,0.05,0.0,0.0,0.0,0.0,0.1,0.0,0.0,0.0,0.0,0.0,0.0,0.0,0.0,0.0
9455,8428 BR ARANDELA C/SUP.INF.P/1L E27-SACO,39,3.5454545454545454,8.0,1,12,9.272727272727273,11,3.0451153135353137,11,2.0,2.0,4.0,0.0098,0.1429,0.6429,0.0,0.0714,0.0714,0.0,0.0,0.0,0.0,0.0714,0.0,0.0,0.0,0.0,0.0,0.0,0.0,0.0,0.0
9456,8428 MR ARANDELA C/SUP.INF.P/1L E27-SACO,48,3.6923076923076925,8.0,1,11,9.230769230769228,10,3.0382181012509992,13,3.0,2.0,4.0,0.0116,0.3333,0.2778,0.2222,0.0556,0.0,0.0556,0.0,0.0,0.0,0.0556,0.0,0.0,0.0,0.0,0.0,0.0,0.0,0.0,0.0
9459,8429 PR ARANDELA C/SUP.SUP.P/1L E27-SACO,31,3.1,7.0,1,8,6.1,7,2.4698178070456938,10,2.5,1.0,4.5,0.0089,0.4615,0.1538,0.1538,0.0,0.2308,0.0,0.0,0.0,0.0,0.0,0.0,0.0,0.0,0.0,0.0,0.0,0.0,0.0,0.0
9460,8429 BR ARANDELA C/SUP.SUP.P/1L E27-SACO,2,2.0,,2,2,,0,,1,2.0,2.0,2.0,0.0009,0.0,1.0,0.0,0.0,0.0,0.0,0.0,0.0,0.0,0.0,0.0,0.0,0.0,0.0,0.0,0.0,0.0,0.0,0.0
9461,8429 MR ARANDELA C/SUP.SUP.P/1L E27-SACO,39,4.333333333333333,8.0,2,9,6.499999999999999,7,2.5495097567963922,9,4.0,2.0,6.0,0.008,0.0,0.4,0.1,0.1,0.0,0.4,0.0,0.0,0.0,0.0,0.0,0.0,0.0,0.0,0.0,0.0,0.0,0.0,0.0
9470,8125 PR PENDENTE INJ P/1 LAMP E27-SACO,217,11.421052631578947,23.0,1,35,63.92397660818714,34,7.9952471261485805,19,8.0,5.5,16.0,0.0169,0.0851,0.0,0.0638,0.5957,0.0426,0.0426,0.0,0.1277,0.0,0.0213,0.0,0.0213,0.0,0.0,0.0,0.0,0.0,0.0,0.0
9471,8125 BR PENDENTE INJ P/1 LAMP E27,4,4.0,,4,4,,0,,1,4.0,4.0,4.0,0.0009,0.0,0.0,0.0,1.0,0.0,0.0,0.0,0.0,0.0,0.0,0.0,0.0,0.0,0.0,0.0,0.0,0.0,0.0,0.0
9472,8125 MR PENDENTE INJ P/1 LAMP E27-SACO,13,13.0,,13,13,,0,,1,13.0,13.0,13.0,0.0009,0.1429,0.8571,0.0,0.0,0.0,0.0,0.0,0.0,0.0,0.0,0.0,0.0,0.0,0.0,0.0,0.0,0.0,0.0,0.0
9475,8126 PR ARANDELA C/SUP.INF.P/1L E27-SACO,37,4.625,10.0,1,12,13.410714285714286,11,3.6620642110310255,8,4.0,2.0,5.0,0.0071,0.0833,0.6667,0.0,0.0833,0.0,0.0833,0.0,0.0,0.0,0.0833,0.0,0.0,0.0,0.0,0.0,0.0,0.0,0.0,0.0
9476,8126 BR ARANDELA C/SUP.INF.P/1L E27-SACO,25,2.5,4.0,1,4,1.3888888888888888,3,1.1785113019775793,10,2.0,2.0,3.75,0.0089,0.4167,0.3333,0.0,0.25,0.0,0.0,0.0,0.0,0.0,0.0,0.0,0.0,0.0,0.0,0.0,0.0,0.0,0.0,0.0
9477,8126 MR ARANDELA C/SUP.INF.P/1L E27-SACO,2,2.0,,2,2,,0,,1,2.0,2.0,2.0,0.0009,0.0,1.0,0.0,0.0,0.0,0.0,0.0,0.0,0.0,0.0,0.0,0.0,0.0,0.0,0.0,0.0,0.0,0.0,0.0
9480,8127 PR ARANDELA C/SUP.INF.P/1L E27-SACO,77,6.416666666666667,17.0,1,23,53.3560606060606,22,7.3045232976601975,12,3.5,2.0,6.75,0.0107,0.375,0.3438,0.0625,0.0625,0.0312,0.125,0.0,0.0,0.0,0.0,0.0,0.0,0.0,0.0,0.0,0.0,0.0,0.0,0.0
9481,8127 BR ARANDELA C/SUP.SUP.P/1L E27-SACO,24,1.8461538461538463,4.0,1,5,1.8076923076923077,4,1.3445044840729643,13,1.0,1.0,2.0,0.0116,0.6875,0.1875,0.0625,0.0625,0.0,0.0,0.0,0.0,0.0,0.0,0.0,0.0,0.0,0.0,0.0,0.0,0.0,0.0,0.0
9553,8329 PR ARANDELA INJ P/1 LAMP SUP C/ PIN,11,3.6666666666666665,6.0,2,5,2.3333333333333335,3,1.5275252316519468,3,4.0,3.0,4.5,0.0027,0.0,0.5,0.25,0.25,0.0,0.0,0.0,0.0,0.0,0.0,0.0,0.0,0.0,0.0,0.0,0.0,0.0,0.0,0.0
9585,8341 MR ARANDELA INJ P/ 1 LAMP,55,3.9285714285714284,8.0,1,11,7.917582417582419,10,2.8138198978581443,14,3.0,2.0,4.75,0.0124,0.35,0.3,0.15,0.1,0.0,0.0,0.0,0.05,0.0,0.0,0.05,0.0,0.0,0.0,0.0,0.0,0.0,0.0,0.0
9587,8343 MR ARANDELA INJ P/ 1 LAMP,3,3.0,,3,3,,0,,1,3.0,3.0,3.0,0.0009,0.0,0.0,1.0,0.0,0.0,0.0,0.0,0.0,0.0,0.0,0.0,0.0,0.0,0.0,0.0,0.0,0.0,0.0,0.0
9595,8383 MR ARANDELA INJ P/1 LAMP INF C/PIN,1,1.0,,1,1,,0,,1,1.0,1.0,1.0,0.0009,1.0,0.0,0.0,0.0,0.0,0.0,0.0,0.0,0.0,0.0,0.0,0.0,0.0,0.0,0.0,0.0,0.0,0.0,0.0
9596,8384 MR ARANDELA INJ P/1 LAMP SUP C/PIN,10,10.0,,10,10,,0,,1,10.0,10.0,10.0,0.0009,0.0,0.0,0.0,0.0,0.0,0.0,0.0,0.0,0.0,1.0,0.0,0.0,0.0,0.0,0.0,0.0,0.0,0.0,0.0
9597,8385 MR BALIZADOR INJ P/1 LAMP,28,3.5,6.0,1,6,3.7142857142857144,5,1.927248223318863,8,3.5,2.5,4.5,0.0071,0.3636,0.1818,0.1818,0.1818,0.0,0.0909,0.0,0.0,0.0,0.0,0.0,0.0,0.0,0.0,0.0,0.0,0.0,0.0,0.0
9605,8119 MR BALIZADOR P/JD E MURO INJ TERM,12,3.0,6.0,1,5,3.3333333333333335,4,1.8257418583505538,4,3.0,1.75,4.25,0.0036,0.25,0.25,0.0,0.25,0.25,0.0,0.0,0.0,0.0,0.0,0.0,0.0,0.0,0.0,0.0,0.0,0.0,0.0,0.0
9606,8320 MR ARANDELA REDONDA INJ P/ 1 LAMP,13,3.25,6.0,2,5,2.2499999999999996,3,1.4999999999999998,4,3.0,2.0,4.25,0.0036,0.0,0.5,0.0,0.25,0.25,0.0,0.0,0.0,0.0,0.0,0.0,0.0,0.0,0.0,0.0,0.0,0.0,0.0,0.0
9612,8237 MR ARANDELA INJ P/ 1 LAMP,69,4.3125,10.0,1,16,15.029166666666669,15,3.8767469180572864,16,3.0,2.0,4.25,0.0142,0.375,0.1667,0.125,0.1667,0.0417,0.0417,0.0,0.0833,0.0,0.0,0.0,0.0,0.0,0.0,0.0,0.0,0.0,0.0,0.0
9638,8800 PRETA ARANDELA INJETADA P/1LAMP G9,34,11.333333333333334,29.0,3,25,142.33333333333334,22,11.930353445448855,3,6.0,4.5,15.5,0.0027,0.0,0.0,0.2,0.0,0.2,0.2,0.0,0.0,0.0,0.4,0.0,0.0,0.0,0.0,0.0,0.0,0.0,0.0,0.0
9639,8800 BRANCO ARANDELA INJETADA P/1LAMP G9,4,4.0,,4,4,,0,,1,4.0,4.0,4.0,0.0009,0.0,0.0,0.0,1.0,0.0,0.0,0.0,0.0,0.0,0.0,0.0,0.0,0.0,0.0,0.0,0.0,0.0,0.0,0.0
9641,8801 PRETA ARANDELA INJETADA P/1LAMP G9,4,4.0,,4,4,,0,,1,4.0,4.0,4.0,0.0009,0.0,0.0,0.0,1.0,0.0,0.0,0.0,0.0,0.0,0.0,0.0,0.0,0.0,0.0,0.0,0.0,0.0,0.0,0.0
9644,8802 PRETA ARANDELA INJETADA P/1LAMP G9,1,1.0,,1,1,,0,,1,1.0,1.0,1.0,0.0009,1.0,0.0,0.0,0.0,0.0,0.0,0.0,0.0,0.0,0.0,0.0,0.0,0.0,0.0,0.0,0.0,0.0,0.0,0.0
9645,8802 BRANCA ARANDELA INJETADA P/1LAMP G9,1,1.0,,1,1,,0,,1,1.0,1.0,1.0,0.0009,1.0,0.0,0.0,0.0,0.0,0.0,0.0,0.0,0.0,0.0,0.0,0.0,0.0,0.0,0.0,0.0,0.0,0.0,0.0
9646,8802 MARROM ARANDELA INJETADA P/1LAMP G9,6,6.0,,6,6,,0,,1,6.0,6.0,6.0,0.0009,0.0,0.0,0.0,0.0,0.0,1.0,0.0,0.0,0.0,0.0,0.0,0.0,0.0,0.0,0.0,0.0,0.0,0.0,0.0
9716,8830 BR SPOT DE SOBREPOR QUAD.MR16/GU10,4,4.0,,4,4,,0,,1,4.0,4.0,4.0,0.0009,0.0,0.0,0.0,1.0,0.0,0.0,0.0,0.0,0.0,0.0,0.0,0.0,0.0,0.0,0.0,0.0,0.0,0.0,0.0
9717,8830 PR SPOT DE SOBREPOR QUAD.MR16/GU10,1,1.0,,1,1,,0,,1,1.0,1.0,1.0,0.0009,1.0,0.0,0.0,0.0,0.0,0.0,0.0,0.0,0.0,0.0,0.0,0.0,0.0,0.0,0.0,0.0,0.0,0.0,0.0
9719,8831 PR SPOT DE SOBREPOR RED.MR16/GU10,20,5.0,10.0,2,10,12.0,8,3.4641016151377544,4,4.0,3.5,5.5,0.0036,0.0,0.25,0.0,0.5,0.0,0.0,0.0,0.0,0.0,0.25,0.0,0.0,0.0,0.0,0.0,0.0,0.0,0.0,0.0
9720,8832 BR SPOT DE SOBREPOR QUAD.MR16/GU10,5,5.0,,5,5,,0,,1,5.0,5.0,5.0,0.0009,0.0,0.0,0.0,0.0,1.0,0.0,0.0,0.0,0.0,0.0,0.0,0.0,0.0,0.0,0.0,0.0,0.0,0.0,0.0
9721,8832 PR SPOT DE SOBREPOR QUAD.MR16/GU10,1,1.0,,1,1,,0,,1,1.0,1.0,1.0,0.0009,1.0,0.0,0.0,0.0,0.0,0.0,0.0,0.0,0.0,0.0,0.0,0.0,0.0,0.0,0.0,0.0,0.0,0.0,0.0
9722,8833 BR SPOT DE SOBREPOR RED.MR16/GU10,11,5.5,11.0,3,8,12.5,5,3.5355339059327378,2,5.5,4.25,6.75,0.0018,0.0,0.0,0.5,0.0,0.0,0.0,0.0,0.5,0.0,0.0,0.0,0.0,0.0,0.0,0.0,0.0,0.0,0.0,0.0
9723,8833 PR SPOT DE SOBREPOR RED.MR16/GU10,22,5.5,13.0,2,13,25.666666666666668,11,5.066228051190222,4,3.5,2.75,6.25,0.0036,0.0,0.2,0.4,0.2,0.0,0.0,0.0,0.0,0.0,0.2,0.0,0.0,0.0,0.0,0.0,0.0,0.0,0.0,0.0
9725,8834 PR SPOT DE SOBREPOR QUA. E27-PAR 20,45,11.25,28.0,1,25,120.25,24,10.965856099730654,4,9.5,3.25,17.5,0.0036,0.2,0.0,0.0,0.2,0.2,0.0,0.0,0.0,0.0,0.2,0.0,0.0,0.0,0.0,0.0,0.0,0.0,0.0,0.2
9726,8835 BR SPOT DE SOBREPOR RED.E-27 PAR 20,36,4.0,7.0,1,7,4.5,6,2.1213203435596424,9,3.0,3.0,5.0,0.008,0.1111,0.1111,0.3333,0.0,0.2222,0.0,0.2222,0.0,0.0,0.0,0.0,0.0,0.0,0.0,0.0,0.0,0.0,0.0,0.0
9727,8835 PR SPOT DE SOBREPOR RED.E27-PAR 20,14,2.8,5.0,1,4,1.7000000000000002,3,1.3038404810405297,5,3.0,2.0,4.0,0.0044,0.2,0.2,0.2,0.4,0.0,0.0,0.0,0.0,0.0,0.0,0.0,0.0,0.0,0.0,0.0,0.0,0.0,0.0,0.0
9761,8131 PR ARANDELA C/SUP.INF.P 1 LAMP E27,1,1.0,,1,1,,0,,1,1.0,1.0,1.0,0.0009,1.0,0.0,0.0,0.0,0.0,0.0,0.0,0.0,0.0,0.0,0.0,0.0,0.0,0.0,0.0,0.0,0.0,0.0,0.0
9771,8133 PR BALIZADOR P/1 LAMP E27,61,5.545454545454546,15.0,1,23,43.67272727272728,22,6.608534426991152,11,3.0,1.0,7.5,0.0098,0.8,0.1,0.0,0.0333,0.0,0.0333,0.0,0.0,0.0,0.0,0.0,0.0,0.0,0.0,0.0,0.0,0.0333,0.0,0.0
9772,8133 MR BALIZADOR P/1 LAMP E27,12,12.0,,12,12,,0,,1,12.0,12.0,12.0,0.0009,0.0,0.0,0.0,1.0,0.0,0.0,0.0,0.0,0.0,0.0,0.0,0.0,0.0,0.0,0.0,0.0,0.0,0.0,0.0
9778,8135 PR POSTE P/2 LAMP E27,11,2.2,3.0,1,3,0.7,2,0.8366600265340756,5,2.0,2.0,3.0,0.0044,0.75,0.125,0.125,0.0,0.0,0.0,0.0,0.0,0.0,0.0,0.0,0.0,0.0,0.0,0.0,0.0,0.0,0.0,0.0
9779,8136 BR PENDENTE INJ P/1 LAMP E27 L/C,63,4.2,9.0,2,11,8.742857142857142,9,2.9568322818274866,15,3.0,2.0,6.0,0.0133,0.3793,0.4138,0.1034,0.0,0.069,0.0,0.0,0.0,0.0345,0.0,0.0,0.0,0.0,0.0,0.0,0.0,0.0,0.0,0.0
9780,8136 PR PENDENTE INJ P/1 LAMP E27 L/C,597,27.136363636363637,55.0,5,80,335.17099567099564,75,18.307675867542436,22,23.0,16.5,33.0,0.0196,0.2448,0.2917,0.1615,0.1354,0.0729,0.0156,0.0052,0.026,0.0104,0.0104,0.0052,0.0104,0.0,0.0,0.0052,0.0052,0.0,0.0,0.0
9785,8137 PR ARANDELA C/SUP.INF.P/1L E27 L/C,40,5.714285714285714,13.0,1,14,25.90476190476191,13,5.0896720822428145,7,3.0,2.0,9.0,0.0062,0.1818,0.4545,0.0,0.0,0.1818,0.0,0.0,0.0,0.1818,0.0,0.0,0.0,0.0,0.0,0.0,0.0,0.0,0.0,0.0
9786,8137 MR ARANDELA C/SUP.INF.P/1L E27 L/C,62,3.263157894736842,7.0,1,11,7.538011695906434,10,2.745543970856492,19,2.0,1.5,4.0,0.0169,0.3333,0.4074,0.1111,0.0741,0.0,0.037,0.0,0.037,0.0,0.0,0.0,0.0,0.0,0.0,0.0,0.0,0.0,0.0,0.0
9790,8138 PR ARANDELA C/SUP.SUP.P/1L E27 L/C,2,2.0,,2,2,,0,,1,2.0,2.0,2.0,0.0009,0.0,1.0,0.0,0.0,0.0,0.0,0.0,0.0,0.0,0.0,0.0,0.0,0.0,0.0,0.0,0.0,0.0,0.0,0.0
9815,8831 MR SPOT DE SOBREPOR RED.MR16/GU10,6,6.0,,6,6,,0,,1,6.0,6.0,6.0,0.0009,0.0,0.0,0.0,0.0,0.0,1.0,0.0,0.0,0.0,0.0,0.0,0.0,0.0,0.0,0.0,0.0,0.0,0.0,0.0
9816,8832 MR SPOT DE SOBREPOR QUAD.MR16/GU10,12,12.0,,12,12,,0,,1,12.0,12.0,12.0,0.0009,0.0,0.0,0.0,0.0,0.0,0.0,0.0,0.0,0.0,0.0,0.0,1.0,0.0,0.0,0.0,0.0,0.0,0.0,0.0
9817,8833 MR SPOT DE SOBREPOR RED.MR16/GU10,31,3.4444444444444446,6.0,1,6,2.5277777777777777,5,1.5898986690282426,9,4.0,3.0,4.0,0.008,0.2222,0.0,0.1111,0.5556,0.0,0.1111,0.0,0.0,0.0,0.0,0.0,0.0,0.0,0.0,0.0,0.0,0.0,0.0,0.0
9819,8835 MR SPOT DE SOBREPOR RED.E-27 PAR 20,50,8.333333333333334,20.0,1,20,55.86666666666666,19,7.474400756359446,6,6.0,3.0,12.75,0.0053,0.125,0.0,0.25,0.125,0.0,0.0,0.0,0.0,0.125,0.375,0.0,0.0,0.0,0.0,0.0,0.0,0.0,0.0,0.0
9820,8140 BR PENDENTE P/1 LAMP E27 LENTE CRIS,5,1.6666666666666667,3.0,1,3,1.3333333333333335,2,1.1547005383792517,3,1.0,1.0,2.0,0.0027,0.75,0.25,0.0,0.0,0.0,0.0,0.0,0.0,0.0,0.0,0.0,0.0,0.0,0.0,0.0,0.0,0.0,0.0,0.0
9821,8140 PR PENDENTE P/1 LAMP E27 LENTE CRIS,63,6.3,14.0,2,16,25.12222222222222,14,5.012207320355197,10,4.5,2.25,9.0,0.0089,0.1905,0.3333,0.1429,0.1905,0.0476,0.0476,0.0,0.0,0.0476,0.0,0.0,0.0,0.0,0.0,0.0,0.0,0.0,0.0,0.0
9823,8141 BR ARAN SUP.INFERIOR LENTE CRISTAL,2,1.0,1.0,1,1,0.0,0,0.0,2,1.0,1.0,1.0,0.0018,1.0,0.0,0.0,0.0,0.0,0.0,0.0,0.0,0.0,0.0,0.0,0.0,0.0,0.0,0.0,0.0,0.0,0.0,0.0
9824,8141 PR ARAN SUP.INFERIOR LENTE CRISTAL,16,1.7777777777777777,3.0,1,3,0.6944444444444445,2,0.8333333333333334,9,2.0,1.0,2.0,0.008,0.6,0.2,0.2,0.0,0.0,0.0,0.0,0.0,0.0,0.0,0.0,0.0,0.0,0.0,0.0,0.0,0.0,0.0,0.0
9827,8142 PR ARAN SUP.SUPERIOR LENTE CRISTAL,9,1.8,4.0,1,4,1.7,3,1.3038404810405297,5,1.0,1.0,2.0,0.0044,0.8333,0.0,0.0,0.1667,0.0,0.0,0.0,0.0,0.0,0.0,0.0,0.0,0.0,0.0,0.0,0.0,0.0,0.0,0.0
9831,8144 PR POSTE P/2 LAMP E27 LENTE CRISTAL,85,7.083333333333333,19.0,1,30,67.35606060606061,29,8.207073815073226,12,4.0,2.0,9.5,0.0107,0.6923,0.3077,0.0,0.0,0.0,0.0,0.0,0.0,0.0,0.0,0.0,0.0,0.0,0.0,0.0,0.0,0.0,0.0,0.0
9832,8144 BR POSTE P/2 LAMP E27 LENTE CRISTAL,6,3.0,7.0,1,5,8.0,4,2.8284271247461903,2,3.0,2.0,4.0,0.0018,1.0,0.0,0.0,0.0,0.0,0.0,0.0,0.0,0.0,0.0,0.0,0.0,0.0,0.0,0.0,0.0,0.0,0.0,0.0
9833,8145 BR BALIZADOR P/1 LAMP E27 LENTE CRI,2,2.0,,2,2,,0,,1,2.0,2.0,2.0,0.0009,0.0,1.0,0.0,0.0,0.0,0.0,0.0,0.0,0.0,0.0,0.0,0.0,0.0,0.0,0.0,0.0,0.0,0.0,0.0
9834,8145 PR BALIZADOR P/1 LAMP E27 LENTE CRI,53,6.625,12.0,3,12,11.696428571428573,9,3.4200041771068896,8,6.0,3.75,9.25,0.0071,0.3182,0.3182,0.0455,0.2727,0.0455,0.0,0.0,0.0,0.0,0.0,0.0,0.0,0.0,0.0,0.0,0.0,0.0,0.0,0.0
9836,8244 BR ARANDELA P/1LAMP E27 LENTE TRANS,40,4.444444444444445,10.0,1,12,12.777777777777779,11,3.5746017649212027,9,3.0,2.0,5.0,0.008,0.1111,0.3333,0.1111,0.0,0.2222,0.0,0.0,0.1111,0.0,0.0,0.0,0.1111,0.0,0.0,0.0,0.0,0.0,0.0,0.0
9837,8244 PR ARANDELA P/1LAMP E27 LENTE TRANS,52,4.0,8.0,1,8,6.166666666666667,7,2.48327740429189,13,4.0,2.0,6.0,0.0116,0.2941,0.2941,0.1176,0.0588,0.0588,0.0588,0.0,0.1176,0.0,0.0,0.0,0.0,0.0,0.0,0.0,0.0,0.0,0.0,0.0
9838,8244 MR ARANDELA P/1LAMP E27 LENTE TRANS,44,6.285714285714286,23.0,1,32,128.9047619047619,31,11.353623294119014,7,2.0,2.0,2.5,0.0062,0.1111,0.4444,0.1111,0.0,0.1111,0.0,0.0,0.0,0.0,0.0,0.0,0.1111,0.0,0.0,0.1111,0.0,0.0,0.0,0.0
9840,8323 PR ARANDELA P/1 LAMP E27 LENTE TRAN,16,4.0,12.0,1,12,28.666666666666668,11,5.354126134736337,4,1.5,1.0,4.5,0.0036,0.5,0.25,0.0,0.0,0.0,0.0,0.0,0.0,0.0,0.0,0.0,0.25,0.0,0.0,0.0,0.0,0.0,0.0,0.0
9923,8426 BR BALIZADOR P/JD E MURO P/1 LAMP,7,2.3333333333333335,5.0,1,4,2.3333333333333335,3,1.5275252316519468,3,2.0,1.5,3.0,0.0027,0.3333,0.3333,0.0,0.3333,0.0,0.0,0.0,0.0,0.0,0.0,0.0,0.0,0.0,0.0,0.0,0.0,0.0,0.0,0.0
9924,8426 PR BALIZADOR P/JD E MURO P/1 LAMP,188,8.173913043478262,18.0,1,22,41.15019762845849,21,6.414841980006872,23,7.0,3.0,12.0,0.0204,0.2075,0.2264,0.0943,0.1887,0.0377,0.1887,0.0,0.0377,0.0,0.0,0.0,0.0189,0.0,0.0,0.0,0.0,0.0,0.0,0.0
9925,8426 MR BALIZADOR P/JD E MURO P/1 LAMP,2,2.0,,2,2,,0,,1,2.0,2.0,2.0,0.0009,0.0,1.0,0.0,0.0,0.0,0.0,0.0,0.0,0.0,0.0,0.0,0.0,0.0,0.0,0.0,0.0,0.0,0.0,0.0
9933,8147 PR BALIZADOR L/C P/JD E MURO P/1LAM,24,3.0,6.0,2,8,4.285714285714286,6,2.0701966780270626,8,2.0,2.0,3.0,0.0071,0.9091,0.0909,0.0,0.0,0.0,0.0,0.0,0.0,0.0,0.0,0.0,0.0,0.0,0.0,0.0,0.0,0.0,0.0,0.0
9935,8150 BR BALIZADOR L/F P/JD E MURO P/1LAM,29,2.9,6.0,1,8,4.322222222222222,7,2.0789954839350235,10,2.0,2.0,3.75,0.0089,0.2727,0.4545,0.0,0.1818,0.0,0.0,0.0,0.0909,0.0,0.0,0.0,0.0,0.0,0.0,0.0,0.0,0.0,0.0,0.0
9936,8150 PR BALIZADOR L/F P/JD E MURO P/1LAM,78,7.090909090909091,14.0,2,17,19.89090909090909,15,4.4599225431512926,11,7.0,4.0,9.0,0.0098,0.1786,0.4643,0.2143,0.0714,0.0,0.0,0.0,0.0,0.0,0.0357,0.0357,0.0,0.0,0.0,0.0,0.0,0.0,0.0,0.0
9937,8150 MR BALIZADOR L/F P/JD E MURO P/1LAM,4,1.3333333333333333,2.0,1,2,0.3333333333333333,1,0.5773502691896257,3,1.0,1.0,1.5,0.0027,0.6667,0.3333,0.0,0.0,0.0,0.0,0.0,0.0,0.0,0.0,0.0,0.0,0.0,0.0,0.0,0.0,0.0,0.0,0.0
9938,8151 BR BALIZADOR L/C P/JD E MURO P/1LAM,14,2.8,4.0,2,4,0.7,2,0.8366600265340756,5,3.0,2.0,3.0,0.0044,0.0,0.4,0.4,0.2,0.0,0.0,0.0,0.0,0.0,0.0,0.0,0.0,0.0,0.0,0.0,0.0,0.0,0.0,0.0
9939,8151 PR BALIZADOR L/C P/JD E MURO P/1LAM,116,8.285714285714286,17.0,2,21,35.604395604395606,19,5.966941897186163,14,7.0,2.5,11.75,0.0124,0.2143,0.4524,0.119,0.0952,0.0,0.0714,0.0,0.0238,0.0,0.0,0.0,0.0238,0.0,0.0,0.0,0.0,0.0,0.0,0.0
9940,8151 MR BALIZADOR L/C P/JD E MURO P/1LAM,2,2.0,,2,2,,0,,1,2.0,2.0,2.0,0.0009,0.0,1.0,0.0,0.0,0.0,0.0,0.0,0.0,0.0,0.0,0.0,0.0,0.0,0.0,0.0,0.0,0.0,0.0,0.0
